Tanggal,USD/IDR,Harga_Minyak
11/05/26,0.057435,105.77
08/05/26,0.057585,107.77
07/05/26,0.057685,104.21
06/05/26,0.057515,101.29
05/05/26,0.057415,100.06
04/05/26,0.057565,101.27
01/05/26,0.057765,109.87
30/04/26,0.057765,114.44
29/04/26,0.057865,108.17
28/04/26,0.058085,114.01
27/04/26,0.05817,118.03
24/04/26,0.05816,111.26
23/04/26,0.05785,108.23
22/04/26,0.05822,105.33
21/04/26,0.058325,99.35
20/04/26,0.058235,96.18
17/04/26,0.058185,93.24
16/04/26,0.058375,90.43
15/04/26,0.058355,90.38
14/04/26,0.058425,99.39
13/04/26,0.058475,94.93
10/04/26,0.05851,94.79
09/04/26,0.058525,99.36
08/04/26,0.058785,95.2
07/04/26,0.058495,95.92
06/04/26,0.058695,94.75
03/04/26,0.058835,109.27
02/04/26,0.058835,109.77
01/04/26,0.05889,109.03
31/03/26,0.058835,101.16
30/03/26,0.058855,118.35
27/03/26,0.05894,112.78
26/03/26,0.059165,112.57
25/03/26,0.05913,108.01
24/03/26,0.05889,102.22
23/03/26,0.05889,100.23
20/03/26,0.05889,95.92
19/03/26,0.05889,106.41
18/03/26,0.05889,103.78
17/03/26,0.05889,102.92
16/03/26,0.058855,99.39
13/03/26,0.059025,96.04
12/03/26,0.0592,103.14
11/03/26,0.05927,100.46
10/03/26,0.059315,91.98
09/03/26,0.059025,87.8
06/03/26,0.05915,98.96
05/03/26,0.059235,92.69
04/03/26,0.05922,85.41
03/03/26,0.059325,81.4
02/03/26,0.059305,81.4
27/02/26,0.059645,77.74
26/02/26,0.05968,72.48
25/02/26,0.05957,70.75
24/02/26,0.05945,70.85
23/02/26,0.059555,70.77
20/02/26,0.05929,71.49
19/02/26,0.059255,71.3
18/02/26,0.059235,71.27
17/02/26,0.059415,69.77
16/02/26,0.059415,66.87
13/02/26,0.059415,67.97
12/02/26,0.059465,67.75
11/02/26,0.05959,67.52
10/02/26,0.059535,69.4
09/02/26,0.05952,68.8
06/02/26,0.05929,69.04
05/02/26,0.059415,68.05
04/02/26,0.059625,67.55
03/02/26,0.05966,69.46
02/02/26,0.059555,67.33
30/01/26,0.05957,66.3
29/01/26,0.059705,70.69
28/01/26,0.05986,70.71
27/01/26,0.059645,68.4
26/01/26,0.05961,67.57
23/01/26,0.059465,65.59
22/01/26,0.05922,65.07
21/01/26,0.059045,63.34
20/01/26,0.05899,64.53
19/01/26,0.059025,64.19
16/01/26,0.05922,63.22
15/01/26,0.05922,64.13
14/01/26,0.059305,63.76
13/01/26,0.05929,66.52
12/01/26,0.059415,65.47
09/01/26,0.05952,63.87
08/01/26,0.059555,63.34
07/01/26,0.05961,61.99
06/01/26,0.059695,59.96
05/01/26,0.05973,60.7
02/01/26,0.059805,61.76
01/01/26,0.059965,60.75
31/12/25,0.059965,60.85
30/12/25,0.05966,61.92
29/12/25,0.05957,61.94
26/12/25,0.05968,60.64
25/12/25,0.05968,61.8
24/12/25,0.05968,61.87
23/12/25,0.059625,61.58
22/12/25,0.059625,60.47
19/12/25,0.05973,59.82
18/12/25,0.05982,59.68
17/12/25,0.05993,58.92
16/12/25,0.05991,60.56
15/12/25,0.06,61.12
12/12/25,0.06009,61.28
11/12/25,0.059985,62.21
10/12/25,0.05993,61.94
09/12/25,0.06,62.49
08/12/25,0.05991,63.75
05/12/25,0.06009,63.26
04/12/25,0.060075,62.67
03/12/25,0.060165,62.45
02/12/25,0.060165,63.17
01/12/25,0.06004,63.2
28/11/25,0.06004,63.34
27/11/25,0.06009,63.13
26/11/25,0.06002,62.48
25/11/25,0.06002,63.37
24/11/25,0.0599,61.94
21/11/25,0.059895,62.8
20/11/25,0.05977,63
19/11/25,0.0599,64.43
18/11/25,0.05973,63.76
17/11/25,0.059785,64.39
14/11/25,0.059895,63.01
13/11/25,0.059785,62.71
12/11/25,0.059885,65.16
11/11/25,0.05993,64.06
10/11/25,0.060055,63.63
07/11/25,0.05993,63.38
06/11/25,0.059895,63.52
05/11/25,0.05986,64.44
04/11/25,0.059885,64.89
03/11/25,0.06004,65.07
31/10/25,0.06013,65
30/10/25,0.06009,64.92
29/10/25,0.06018,64.4
28/10/25,0.06022,65.62
27/10/25,0.06018,65.2
24/10/25,0.060255,65.29
23/10/25,0.060165,62.23
22/10/25,0.06033,61.03
21/10/25,0.06027,60.88
20/10/25,0.06033,61.29
17/10/25,0.06031,61.06
16/10/25,0.060345,61.91
15/10/25,0.060365,62.39
14/10/25,0.06033,63.32
13/10/25,0.06038,62.73
10/10/25,0.06042,65.22
09/10/25,0.060435,66.25
08/10/25,0.06038,65.45
07/10/25,0.060455,65.47
06/10/25,0.06042,64.53
03/10/25,0.06047,64.11
02/10/25,0.06029,65.35
01/10/25,0.06022,67.02
30/09/25,0.06,67.97
29/09/25,0.059985,70.13
26/09/25,0.05977,69.42
25/09/25,0.05973,69.31
24/09/25,0.059965,66.97
23/09/25,0.06,65.97
22/09/25,0.06022,66.68
19/09/25,0.06027,67.44
18/09/25,0.06058,67.95
17/09/25,0.06086,68.47
16/09/25,0.06082,67.44
15/09/25,0.06093,66.99
12/09/25,0.061055,66.37
11/09/25,0.06075,67.49
10/09/25,0.06075,66.39
09/09/25,0.06069,66.02
08/09/25,0.061325,65.5
05/09/25,0.060895,66.99
04/09/25,0.060895,67.6
03/09/25,0.060915,69.14
02/09/25,0.06097,68.15
01/09/25,0.060915,68.12
29/08/25,0.06064,68.62
28/08/25,0.061175,68.05
27/08/25,0.06112,67.22
26/08/25,0.061365,68.8
25/08/25,0.061515,67.22
22/08/25,0.061195,67.12
21/08/25,0.0614,66.31
20/08/25,0.06147,65.3
19/08/25,0.06157,66.01
18/08/25,0.06188,65.85
15/08/25,0.06188,66.84
14/08/25,0.062065,65.63
13/08/25,0.061745,66.12
12/08/25,0.0614,66.63
11/08/25,0.06146,66.59
08/08/25,0.06138,66.43
07/08/25,0.06138,66.89
06/08/25,0.06112,67.64
05/08/25,0.061045,68.76
04/08/25,0.06101,69.67
01/08/25,0.06064,72.53
31/07/25,0.06077,73.24
30/07/25,0.06101,72.51
29/07/25,0.06099,70.04
28/07/25,0.061195,68.44
25/07/25,0.06129,68.36
24/07/25,0.0614,67.83
23/07/25,0.06138,67.77
22/07/25,0.06131,68.38
21/07/25,0.06131,69.28
18/07/25,0.06138,69.52
17/07/25,0.06123,68.52
16/07/25,0.06146,68.71
15/07/25,0.061495,69.21
14/07/25,0.06155,70.36
11/07/25,0.061685,68.64
10/07/25,0.06165,70.19
09/07/25,0.06156,70.15
08/07/25,0.061705,69.58
07/07/25,0.06161,68.3
04/07/25,0.06178,68.8
03/07/25,0.06176,69.11
02/07/25,0.06157,67.11
01/07/25,0.06176,67.61
30/06/25,0.06159,67.77
27/06/25,0.06171,67.73
26/06/25,0.06171,67.68
25/06/25,0.06138,67.14
24/06/25,0.06116,70.52
23/06/25,0.060655,75.48
20/06/25,0.06103,77.08
19/06/25,0.06099,75.14
18/06/25,0.061345,74.9
17/06/25,0.06142,71.99
16/06/25,0.06148,74.23
13/06/25,0.06136,69.36
12/06/25,0.06159,69.77
11/06/25,0.061515,66.87
10/06/25,0.06146,67.04
09/06/25,0.06144,66.47
06/06/25,0.06144,65.34
05/06/25,0.06144,64.86
04/06/25,0.06138,65.63
03/06/25,0.0614,64.63
02/06/25,0.06155,63.9
30/05/25,0.06138,64.15
29/05/25,0.06138,64.32
28/05/25,0.06138,63.57
27/05/25,0.06145,64.12
26/05/25,0.06157,64.21
23/05/25,0.06166,63.92
22/05/25,0.06123,64.38
21/05/25,0.06099,64.76
20/05/25,0.060915,64.8
19/05/25,0.06086,65.41
16/05/25,0.06082,64.53
15/05/25,0.060545,66.09
14/05/25,0.06042,66.63
13/05/25,0.060545,64.96
12/05/25,0.060545,63.91
09/05/25,0.060545,62.84
08/05/25,0.060625,61.12
07/05/25,0.06047,62.15
06/05/25,0.060785,60.23
05/05/25,0.06084,61.29
02/05/25,0.06084,62.13
01/05/25,0.060235,63.12
30/04/25,0.060235,64.25
29/04/25,0.05966,65.86
28/04/25,0.059325,66.87
25/04/25,0.059415,66.55
24/04/25,0.05927,65.18
23/04/25,0.05929,66.48
22/04/25,0.059325,65.3
21/04/25,0.0595,67.96
18/04/25,0.05943,65.85
17/04/25,0.05943,64.67
16/04/25,0.05943,64.88
15/04/25,0.059465,64.76
14/04/25,0.05961,63.33
11/04/25,0.059535,65.48
10/04/25,0.05952,62.82
09/04/25,0.05929,64.21
08/04/25,0.05929,65.58
07/04/25,0.06038,70.14
04/04/25,0.06038,74.95
03/04/25,0.06038,74.49
02/04/25,0.06038,74.74
01/04/25,0.06038,73.63
31/03/25,0.06038,74.03
28/03/25,0.06038,73.79
27/03/25,0.06038,73.02
26/03/25,0.06031,72.37
25/03/25,0.060255,71.61
24/03/25,0.0604,71.47
21/03/25,0.0606,70.32
20/03/25,0.06069,70.12
19/03/25,0.06051,70.6
18/03/25,0.06088,70.58
17/03/25,0.06097,69.88
14/03/25,0.06116,70.95
13/03/25,0.06088,69.56
12/03/25,0.060805,69.28
11/03/25,0.06095,70.36
10/03/25,0.061195,69.46
07/03/25,0.06136,69.3
06/03/25,0.06123,71.04
05/03/25,0.0613,71.62
04/03/25,0.060805,73.18
03/03/25,0.060675,74.04
28/02/25,0.06031,72.53
27/02/25,0.060785,73.02
26/02/25,0.06108,74.31
25/02/25,0.061175,74.05
24/02/25,0.06144,76.05
21/02/25,0.061325,75.67
20/02/25,0.06123,75.43
19/02/25,0.06122,74.93
18/02/25,0.06144,74.74
17/02/25,0.06167,75.02
14/02/25,0.061495,75.18
13/02/25,0.06114,77
12/02/25,0.0611,75.87
11/02/25,0.061065,74.66
10/02/25,0.061175,74.29
07/02/25,0.06144,74.61
06/02/25,0.06123,76.2
05/02/25,0.0614,75.96
04/02/25,0.061175,76.76
03/02/25,0.06084,76.87
31/01/25,0.061345,76.58
30/01/25,0.061495,77.49
29/01/25,0.06183,77.08
28/01/25,0.06183,77.55
27/01/25,0.06183,77.56
24/01/25,0.06183,78.15
23/01/25,0.06142,78.4
22/01/25,0.0614,79.1
21/01/25,0.06121,80.79
20/01/25,0.06112,81.29
17/01/25,0.0611,82.03
16/01/25,0.06112,79.92
15/01/25,0.06127,81.01
14/01/25,0.06148,79.76
13/01/25,0.06144,76.92
10/01/25,0.06178,76.16
09/01/25,0.06172,77.05
08/01/25,0.06174,76.3
07/01/25,0.06199,76.51
06/01/25,0.06174,75.93
03/01/25,0.06176,74.64
02/01/25,0.061745,74.39
01/01/25,0.06213,74.17
31/12/24,0.06213,73.26
30/12/24,0.06197,73.58
27/12/24,0.06159,72.63
26/12/24,0.06176,72.94
25/12/24,0.06176,72.88
24/12/24,0.06176,73.39
23/12/24,0.06182,73.19
20/12/24,0.061745,73.91
19/12/24,0.06138,74.49
18/12/24,0.062145,73.41
17/12/24,0.06224,73.52
16/12/24,0.062495,72.19
13/12/24,0.062515,72.14
12/12/24,0.06279,71.12
11/12/24,0.06283,72.09
10/12/24,0.06303,72.31
09/12/24,0.06303,73.62
06/12/24,0.06309,71.83
05/12/24,0.06305,72.94
04/12/24,0.06277,73.28
03/12/24,0.06273,72.83
02/12/24,0.06289,72.81
29/11/24,0.06311,73.01
28/11/24,0.06301,75.17
27/11/24,0.06277,74.23
26/11/24,0.06277,72.81
25/11/24,0.06301,73.31
22/11/24,0.06299,73.3
21/11/24,0.06279,71.04
20/11/24,0.06303,72.56
19/11/24,0.06317,72.28
18/11/24,0.06309,71.89
15/11/24,0.06307,71.83
14/11/24,0.06307,73.87
13/11/24,0.06339,75.63
12/11/24,0.06337,74.92
11/11/24,0.06377,75.53
08/11/24,0.06381,75.08
07/11/24,0.06355,73.1
06/11/24,0.06317,73.16
05/11/24,0.06355,72.55
04/11/24,0.06348,71.12
01/11/24,0.06361,71.42
31/10/24,0.06371,76.05
30/10/24,0.06371,74.38
29/10/24,0.06345,74.96
28/10/24,0.063595,76.04
25/10/24,0.06393,74.29
24/10/24,0.06418,73.06
23/10/24,0.06402,74.45
22/10/24,0.06426,74.22
21/10/24,0.06453,74.25
18/10/24,0.06466,77.46
17/10/24,0.06453,79.04
16/10/24,0.06447,79.4
15/10/24,0.06418,76.58
14/10/24,0.06426,77.18
11/10/24,0.06419,80.93
10/10/24,0.06383,78.05
09/10/24,0.06402,77.62
08/10/24,0.06391,73.9
07/10/24,0.06377,73.56
04/10/24,0.06457,71.77
03/10/24,0.064845,71.98
02/10/24,0.065505,71.6
01/10/24,0.065785,73.46
30/09/24,0.066045,75.17
27/09/24,0.06611,73.9
26/09/24,0.065935,74.49
25/09/24,0.06622,74.88
24/09/24,0.06585,73.65
23/09/24,0.065785,73.7
20/09/24,0.066,72.75
19/09/24,0.06563,71.61
18/09/24,0.065205,71.97
17/09/24,0.065205,70.61
16/09/24,0.06493,69.19
13/09/24,0.06493,71.84
12/09/24,0.0648,71.06
11/09/24,0.06493,72.69
10/09/24,0.06472,72.7
09/09/24,0.0647,73.75
06/09/24,0.06508,77.52
05/09/24,0.06494,78.8
04/09/24,0.064615,79.94
03/09/24,0.06441,78.65
02/09/24,0.06441,79.55
30/08/24,0.0647,81.43
29/08/24,0.06487,79.02
28/08/24,0.064825,77.22
27/08/24,0.06453,76.05
26/08/24,0.0648,77.2
23/08/24,0.06455,77.66
22/08/24,0.0641,79.68
21/08/24,0.06457,81.04
20/08/24,0.06478,79.76
19/08/24,0.0643,80.69
16/08/24,0.06373,82.3
15/08/24,0.06371,79.66
14/08/24,0.06378,79.16
13/08/24,0.06316,78.33
12/08/24,0.06267,76.48
09/08/24,0.06279,76.3
08/08/24,0.06291,76.81
07/08/24,0.06236,79.52
06/08/24,0.06186,80.72
05/08/24,0.06178,78.63
02/08/24,0.06172,79.78
01/08/24,0.06159,81.13
31/07/24,0.061495,82.37
30/07/24,0.061345,81.71
29/07/24,0.06142,81.01
26/07/24,0.06138,82.4
25/07/24,0.06153,82.63
24/07/24,0.06167,85.11
23/07/24,0.061685,85.08
22/07/24,0.06165,83.73
19/07/24,0.06176,84.85
18/07/24,0.061895,85.03
17/07/24,0.06211,85.4
16/07/24,0.0618,85.08
15/07/24,0.06184,84.66
12/07/24,0.06196,85.75
11/07/24,0.061745,86.54
10/07/24,0.06157,87.43
09/07/24,0.06153,87.34
08/07/24,0.061515,86.24
05/07/24,0.06143,86.6
04/07/24,0.06123,86.41
03/07/24,0.06108,86.39
02/07/24,0.06099,85.25
01/07/24,0.06126,85.01
28/06/24,0.061065,86.01
27/06/24,0.06098,85.24
26/06/24,0.06095,85.71
25/06/24,0.061065,85.07
24/06/24,0.060995,85.33
21/06/24,0.060785,84.25
20/06/24,0.06086,82.62
19/06/24,0.0611,82.75
18/06/24,0.06097,82.6
17/06/24,0.06097,81.92
14/06/24,0.06097,81.63
13/06/24,0.06146,79.62
12/06/24,0.061365,79.87
11/06/24,0.06138,78.41
10/06/24,0.06142,77.52
07/06/24,0.061745,78.36
06/06/24,0.061495,81.62
05/06/24,0.0614,81.86
04/06/24,0.06165,83.6
03/06/24,0.06161,84.22
31/05/24,0.06153,83.1
30/05/24,0.061495,82.12
29/05/24,0.06188,81.36
28/05/24,0.062145,81.9
27/05/24,0.06224,82.88
24/05/24,0.06252,83.71
23/05/24,0.06252,83.98
22/05/24,0.06252,83.27
21/05/24,0.062515,82.75
20/05/24,0.06259,82.38
17/05/24,0.06267,83.36
16/05/24,0.06279,82.79
15/05/24,0.06239,83.88
14/05/24,0.06211,83.58
13/05/24,0.06218,83.16
10/05/24,0.06232,83.33
09/05/24,0.06232,82.96
08/05/24,0.06232,83.67
07/05/24,0.06232,83.44
06/05/24,0.0624,87.86
03/05/24,0.062165,88.4
02/05/24,0.06178,89.5
01/05/24,0.061495,89.01
30/04/24,0.061495,88.02
29/04/24,0.061515,88.42
26/04/24,0.061685,87
25/04/24,0.06177,87.29
24/04/24,0.061895,87.11
23/04/24,0.06165,87.29
22/04/24,0.06159,90.02
19/04/24,0.061515,90.1
18/04/24,0.06182,90.45
17/04/24,0.06165,89.74
16/04/24,0.06182,90.48
15/04/24,0.06311,89.42
12/04/24,0.06311,90.38
11/04/24,0.06311,91.17
10/04/24,0.06311,90.65
09/04/24,0.06311,89.35
08/04/24,0.06311,88.92
05/04/24,0.06311,87.42
04/04/24,0.06292,87.48
03/04/24,0.06281,86.09
02/04/24,0.0629,86.25
01/04/24,0.06293,86.75
29/03/24,0.06307,85.43
28/03/24,0.06307,85.78
27/03/24,0.06307,85.95
26/03/24,0.06333,87.38
25/03/24,0.0633,86.89
22/03/24,0.06337,85.34
21/03/24,0.06385,85.42
20/03/24,0.06363,84.03
19/03/24,0.06363,81.92
18/03/24,0.06373,82.21
15/03/24,0.06412,82.08
14/03/24,0.06418,82.96
13/03/24,0.0642,82.96
12/03/24,0.06414,82.04
11/03/24,0.06414,82.8
08/03/24,0.06414,83.55
07/03/24,0.06388,83.62
06/03/24,0.06369,83.68
05/03/24,0.06341,83.65
04/03/24,0.06353,82.53
01/03/24,0.06369,81.62
29/02/24,0.06363,83.67
28/02/24,0.06375,83.03
27/02/24,0.06393,82.34
26/02/24,0.063975,83.56
23/02/24,0.06412,83.47
22/02/24,0.06414,82.86
21/02/24,0.06395,81.6
20/02/24,0.06385,82.77
19/02/24,0.063975,82
16/02/24,0.06402,82.19
15/02/24,0.06402,81.63
14/02/24,0.06412,79.21
13/02/24,0.06412,78.59
12/02/24,0.06412,77.99
09/02/24,0.06395,77.33
08/02/24,0.06395,78.7
07/02/24,0.06395,81.71
06/02/24,0.06357,82.87
05/02/24,0.06367,82.4
02/02/24,0.06386,83.55
01/02/24,0.06343,82.43
31/01/24,0.06337,80.04
30/01/24,0.063365,79.55
29/01/24,0.06325,80.06
26/01/24,0.06321,78.56
25/01/24,0.06319,79.1
24/01/24,0.06365,77.88
23/01/24,0.063975,78.29
22/01/24,0.06395,78.15
19/01/24,0.06404,78.29
18/01/24,0.06402,77.41
17/01/24,0.06393,76.8
16/01/24,0.06414,77.59
15/01/24,0.06428,76.12
12/01/24,0.0643,78.76
11/01/24,0.06431,77.59
10/01/24,0.06422,78.25
09/01/24,0.06443,75.89
08/01/24,0.06441,77.04
05/01/24,0.06445,78.39
04/01/24,0.06455,79.65
03/01/24,0.064595,81.07
02/01/24,0.06464,79.07
01/01/24,0.06494,79.39
29/12/23,0.06494,79.7
28/12/23,0.064845,79.23
27/12/23,0.0648,77.95
26/12/23,0.06458,76.55
25/12/23,0.06458,76.61
22/12/23,0.06458,74.26
21/12/23,0.06441,73.24
20/12/23,0.06447,76.03
19/12/23,0.06449,75.84
18/12/23,0.06447,74.05
15/12/23,0.06454,74.3
14/12/23,0.064525,77.2
13/12/23,0.06385,78.03
12/12/23,0.06402,78.88
11/12/23,0.06404,82.83
08/12/23,0.06447,83.1
07/12/23,0.06445,81.68
06/12/23,0.06454,79.98
05/12/23,0.06449,80.58
04/12/23,0.0647,81.42
01/12/23,0.06457,81.96
30/11/23,0.06447,82.45
29/11/23,0.06495,82.32
28/11/23,0.06478,80.61
27/11/23,0.064535,77.42
24/11/23,0.06424,81.18
23/11/23,0.06428,82.47
22/11/23,0.0642,82.52
21/11/23,0.06476,81.43
20/11/23,0.06474,80.01
17/11/23,0.06454,79.54
16/11/23,0.064325,81.61
15/11/23,0.06437,85.18
14/11/23,0.06371,84.89
13/11/23,0.06369,86.85
10/11/23,0.06371,84.63
09/11/23,0.06387,87.41
08/11/23,0.06389,87.45
07/11/23,0.063975,90.48
06/11/23,0.06436,87.93
03/11/23,0.06357,90.13
02/11/23,0.06307,88.07
01/11/23,0.06275,89.83
31/10/23,0.06295,92.16
30/10/23,0.06293,92.38
27/10/23,0.06273,91.5
26/10/23,0.06281,89.9
25/10/23,0.06301,89.65
24/10/23,0.06309,90.89
23/10/23,0.06275,86
20/10/23,0.06299,85.82
19/10/23,0.06323,87.65
18/10/23,0.06357,88.15
17/10/23,0.06363,84.58
16/10/23,0.06361,84.07
13/10/23,0.06376,85.81
12/10/23,0.06373,90.92
11/10/23,0.06372,90.71
10/10/23,0.06355,95.31
09/10/23,0.06373,95.38
06/10/23,0.06406,96.55
05/10/23,0.06404,93.96
04/10/23,0.063975,93.29
03/10/23,0.06418,93.27
02/10/23,0.06439,93.3
29/09/23,0.0647,93.53
28/09/23,0.06443,94.34
27/09/23,0.06443,94.43
26/09/23,0.06455,93.93
25/09/23,0.06493,93.7
22/09/23,0.065035,91.88
21/09/23,0.065035,92.06
20/09/23,0.065015,90.64
19/09/23,0.065015,90.65
18/09/23,0.06506,89.92
15/09/23,0.06513,90.6
14/09/23,0.06512,90.04
13/09/23,0.06506,89
12/09/23,0.065185,88.55
11/09/23,0.06525,86.86
08/09/23,0.06525,85.86
07/09/23,0.06525,85.49
06/09/23,0.06539,84.42
05/09/23,0.065505,84.48
04/09/23,0.06561,83.36
01/09/23,0.06561,83.21
31/08/23,0.065655,84.03
30/08/23,0.06561,84.46
29/08/23,0.065525,84.8
28/08/23,0.0654,84.12
25/08/23,0.065375,83.45
24/08/23,0.06559,84.89
23/08/23,0.065375,86.21
22/08/23,0.06529,86.81
21/08/23,0.06525,86.4
18/08/23,0.06542,87.55
17/08/23,0.06543,86.17
16/08/23,0.06543,85.34
15/08/23,0.065185,86.24
14/08/23,0.06529,85.14
11/08/23,0.06572,83.2
10/08/23,0.06585,84.91
09/08/23,0.065825,85.56
08/08/23,0.06571,84.99
07/08/23,0.06585,84.24
04/08/23,0.065915,82.92
03/08/23,0.06585,83.64
02/08/23,0.06589,82.74
01/08/23,0.066155,81.07
31/07/23,0.06631,79.64
28/07/23,0.06624,79.46
27/07/23,0.06666,79.63
26/07/23,0.066585,78.5
25/07/23,0.066695,79.87
24/07/23,0.06656,81.36
21/07/23,0.06655,80.11
20/07/23,0.06672,79.4
19/07/23,0.066685,77.69
18/07/23,0.066685,78.47
17/07/23,0.06664,76.52
14/07/23,0.06685,76.65
13/07/23,0.06681,76.25
12/07/23,0.06632,74.65
11/07/23,0.066045,74.9
10/07/23,0.06581,74.34
07/07/23,0.06607,74.03
06/07/23,0.06646,72.26
05/07/23,0.066595,74.18
04/07/23,0.066695,73.85
03/07/23,0.06655,74.14
30/06/23,0.066695,77.12
29/06/23,0.066695,75.9
28/06/23,0.066695,76.09
27/06/23,0.066695,76.61
26/06/23,0.066595,75.67
23/06/23,0.06669,73.2
22/06/23,0.06693,74.29
21/06/23,0.066905,71.84
20/06/23,0.06666,74.79
19/06/23,0.06669,75.96
16/06/23,0.06695,76.95
15/06/23,0.066905,76.29
14/06/23,0.06712,76.71
13/06/23,0.06729,76.13
12/06/23,0.06728,74.28
09/06/23,0.06738,72.66
08/06/23,0.06713,73.54
07/06/23,0.06721,77.07
06/06/23,0.06729,76.95
05/06/23,0.067155,76.26
02/06/23,0.066705,78.36
01/06/23,0.066705,76.84
31/05/23,0.066705,75.99
30/05/23,0.06673,75.58
29/05/23,0.066795,75.86
26/05/23,0.06686,76.96
25/05/23,0.066885,74.91
24/05/23,0.06711,75.23
23/05/23,0.0672,74.17
22/05/23,0.067155,74.98
19/05/23,0.066995,76.41
18/05/23,0.067265,77.44
17/05/23,0.067265,77.01
16/05/23,0.06747,75.3
15/05/23,0.067565,72.5
12/05/23,0.06779,72.33
11/05/23,0.067915,75.32
10/05/23,0.067905,79.31
09/05/23,0.067885,79.54
08/05/23,0.068025,78.37
05/05/23,0.068135,77.69
04/05/23,0.068115,80.77
03/05/23,0.06809,82.73
02/05/23,0.068,81.66
01/05/23,0.06816,81.1
28/04/23,0.06816,83.12
27/04/23,0.06801,84.77
26/04/23,0.067405,84.76
25/04/23,0.06736,86.31
24/04/23,0.06736,86.09
21/04/23,0.06736,87.33
20/04/23,0.06736,85.61
19/04/23,0.06736,84.18
18/04/23,0.06736,85.12
17/04/23,0.06761,84.99
14/04/23,0.068025,84.94
13/04/23,0.067785,84.93
12/04/23,0.0672,79.77
11/04/23,0.067185,79.27
10/04/23,0.0671,78.28
07/04/23,0.06705,78.65
06/04/23,0.06705,78.12
05/04/23,0.066995,74.99
04/04/23,0.067115,75.91
03/04/23,0.066795,76.69
31/03/23,0.06669,75.32
30/03/23,0.06645,73.79
29/03/23,0.066375,72.97
28/03/23,0.06628,74.7
27/03/23,0.06596,73.69
24/03/23,0.06598,77.45
23/03/23,0.06516,80.77
22/03/23,0.06516,82.78
21/03/23,0.06516,81.59
20/03/23,0.0651,82.66
17/03/23,0.06516,83.29
16/03/23,0.065015,86.18
15/03/23,0.06508,85.83
14/03/23,0.06499,84.75
13/03/23,0.06508,84.31
10/03/23,0.06472,83.89
09/03/23,0.064825,82.45
08/03/23,0.06478,83.16
07/03/23,0.06514,82.21
06/03/23,0.065375,80.6
03/03/23,0.065355,83.05
02/03/23,0.06544,84.07
01/03/23,0.06563,83
28/02/23,0.06557,85.14
27/02/23,0.06548,85.38
24/02/23,0.065675,85.58
23/02/23,0.06583,86.61
22/02/23,0.065775,86.39
21/02/23,0.06583,84.5
20/02/23,0.06597,85.09
17/02/23,0.06577,83.69
16/02/23,0.065975,80.99
15/02/23,0.065765,79.94
14/02/23,0.06596,82.17
13/02/23,0.065805,82.84
10/02/23,0.066075,84.49
09/02/23,0.06624,84.9
08/02/23,0.06622,86.66
07/02/23,0.066025,87.47
06/02/23,0.06642,86.12
03/02/23,0.06714,86.13
02/02/23,0.0672,88.19
01/02/23,0.066775,87.63
31/01/23,0.066705,86.16
30/01/23,0.066795,84.98
27/01/23,0.06673,85.92
26/01/23,0.066895,84.46
25/01/23,0.06682,85.28
24/01/23,0.067165,84.03
23/01/23,0.06633,82.67
20/01/23,0.06633,80.1
19/01/23,0.066205,79.65
18/01/23,0.066275,78.57
17/01/23,0.065935,78.69
16/01/23,0.06646,77.84
13/01/23,0.066025,82.1
12/01/23,0.065195,85.91
11/01/23,0.06458,82.26
10/01/23,0.06421,83.26
09/01/23,0.06423,84.33
06/01/23,0.06396,83.92
05/01/23,0.06407,80.98
04/01/23,0.06415,82.2
03/01/23,0.06411,79.99
02/01/23,0.06421,79.8
30/12/22,0.06423,79.04
29/12/22,0.06386,81.21
28/12/22,0.06368,82.7
27/12/22,0.06384,80.68
26/12/22,0.06396,77.99
23/12/22,0.06413,76.1
22/12/22,0.06417,76.15
21/12/22,0.06415,77.17
20/12/22,0.06409,79.35
19/12/22,0.06411,82.68
16/12/22,0.06411,85.57
15/12/22,0.06403,86.88
14/12/22,0.06413,85.43
13/12/22,0.063865,83.03
12/12/22,0.063985,83.19
09/12/22,0.06417,83.63
08/12/22,0.064015,85.34
07/12/22,0.06394,85.41
06/12/22,0.06403,88.36
05/12/22,0.06465,87.45
02/12/22,0.06481,87.62
01/12/22,0.06425,89.78
30/11/22,0.063565,92.86
29/11/22,0.06352,93.86
28/11/22,0.0636,93.14
25/11/22,0.0638,95.99
24/11/22,0.06383,93.67
23/11/22,0.063745,92.65
22/11/22,0.0637,95.36
21/11/22,0.06364,97.92
18/11/22,0.06374,98.57
17/11/22,0.06384,94.67
16/11/22,0.06409,96.16
15/11/22,0.06436,94.65
14/11/22,0.06444,94.83
11/11/22,0.06453,95.77
10/11/22,0.063725,96.96
09/11/22,0.063855,95.69
08/11/22,0.0637,93.52
07/11/22,0.06366,93.26
04/11/22,0.06354,93.5
03/11/22,0.063705,92.38
02/11/22,0.0639,92.41
01/11/22,0.063985,90.03
31/10/22,0.06411,91.62
28/10/22,0.064295,91.63
27/10/22,0.06423,94.57
26/10/22,0.064225,92.45
25/10/22,0.06401,94.29
24/10/22,0.06415,96.19
21/10/22,0.06396,97.92
20/10/22,0.06421,94.42
19/10/22,0.06452,93.37
18/10/22,0.06465,91.8
17/10/22,0.06456,88.86
14/10/22,0.064815,87.96
13/10/22,0.065095,88.49
12/10/22,0.06511,89.32
11/10/22,0.06511,86.27
10/10/22,0.0653,84.06
07/10/22,0.06556,86.15
06/10/22,0.06584,90.46
05/10/22,0.06582,89.83
04/10/22,0.06558,90.62
03/10/22,0.06534,92
30/09/22,0.065665,91.35
29/09/22,0.065515,90.84
28/09/22,0.065515,94.1
27/09/22,0.06612,93.17
26/09/22,0.0661,94
23/09/22,0.066495,92.84
22/09/22,0.066585,89.15
21/09/22,0.06667,88
20/09/22,0.06674,92.83
19/09/22,0.06676,95.74
16/09/22,0.06687,93.02
15/09/22,0.06712,92.36
14/09/22,0.067075,96.49
13/09/22,0.06733,99.31
12/09/22,0.06737,105.09
09/09/22,0.067425,100.99
08/09/22,0.06712,99.34
07/09/22,0.06703,101.22
06/09/22,0.06717,100.22
05/09/22,0.0671,96.48
02/09/22,0.06712,96.72
01/09/22,0.06719,96.59
31/08/22,0.06737,93.65
30/08/22,0.06737,92.34
29/08/22,0.06712,95.1
26/08/22,0.06748,98.15
25/08/22,0.06746,99.6
24/08/22,0.06735,97.4
23/08/22,0.06739,96.31
22/08/22,0.067165,96.65
19/08/22,0.06739,94.92
18/08/22,0.067415,94.12
17/08/22,0.06771,96.78
16/08/22,0.06771,100.54
15/08/22,0.067825,100.03
12/08/22,0.06817,110.01
11/08/22,0.06771,107.14
10/08/22,0.067235,106.62
09/08/22,0.067325,104.4
08/08/22,0.06721,105.15
05/08/22,0.06714,103.2
04/08/22,0.06696,103.86
03/08/22,0.06705,106.92
02/08/22,0.06714,107.35
01/08/22,0.06723,106.27
29/07/22,0.067415,101.16
28/07/22,0.06696,99.1
27/07/22,0.06661,99.57
26/07/22,0.066675,99.49
25/07/22,0.06667,107.1
22/07/22,0.066585,107.02
21/07/22,0.06652,104.65
20/07/22,0.06672,100.69
19/07/22,0.06676,102.77
18/07/22,0.066735,113.5
15/07/22,0.066695,111.63
14/07/22,0.066695,114.81
13/07/22,0.06672,116.26
12/07/22,0.06672,117.98
11/07/22,0.066785,115.09
08/07/22,0.066765,113.12
07/07/22,0.06668,110.05
06/07/22,0.066675,111.74
05/07/22,0.06672,114.65
04/07/22,0.06681,114.13
01/07/22,0.06694,113.12
30/06/22,0.06712,119.81
29/06/22,0.06734,118.51
28/06/22,0.06739,121.17
27/06/22,0.06755,122.27
24/06/22,0.06735,122.01
23/06/22,0.06739,123.07
22/06/22,0.067255,123.58
21/06/22,0.06751,120.57
20/06/22,0.067415,119.51
17/06/22,0.06746,119.72
16/06/22,0.06771,117.61
15/06/22,0.067825,116.29
14/06/22,0.068035,122.84
13/06/22,0.06811,121.67
10/06/22,0.06871,119.43
09/06/22,0.068665,117.4
08/06/22,0.068995,114.03
07/06/22,0.06917,113.56
06/06/22,0.06919,113.42
03/06/22,0.06926,112.55
02/06/22,0.069045,112.04
01/06/22,0.068575,109.11
31/05/22,0.068575,111.93
30/05/22,0.068685,114.24
27/05/22,0.0686,111.55
26/05/22,0.068335,107.45
25/05/22,0.068335,107.51
24/05/22,0.06822,102.46
23/05/22,0.068145,105.94
20/05/22,0.068245,112.39
19/05/22,0.06787,110.9
18/05/22,0.06808,110.14
17/05/22,0.068265,104.97
16/05/22,0.06843,107.58
13/05/22,0.06843,109.34
12/05/22,0.0685,107.59
11/05/22,0.06869,105.32
10/05/22,0.06869,104.99
09/05/22,0.06869,102.32
06/05/22,0.068975,106.65
05/05/22,0.068975,108.33
04/05/22,0.068975,106.8
03/05/22,0.068975,107.25
02/05/22,0.068975,113.16
29/04/22,0.068975,111.7
28/04/22,0.068975,108.78
27/04/22,0.06933,104.64
26/04/22,0.069385,98.48
25/04/22,0.069165,102.78
22/04/22,0.069645,100.58
21/04/22,0.069715,101.07
20/04/22,0.069655,106.64
19/04/22,0.06973,107.53
18/04/22,0.069665,104.39
15/04/22,0.069715,107.91
14/04/22,0.069715,113.45
13/04/22,0.069615,110.23
12/04/22,0.06962,112.48
11/04/22,0.069605,120.65
08/04/22,0.069625,119.03
07/04/22,0.06964,121.6
06/04/22,0.06965,115.48
05/04/22,0.0697,115.62
04/04/22,0.06966,107.93
01/04/22,0.069595,106.64
31/03/22,0.069585,98.02
30/03/22,0.069715,99.91
29/03/22,0.069615,106.9
28/03/22,0.06962,112.67
25/03/22,0.069725,109.33
24/03/22,0.069685,111.14
23/03/22,0.0697,127.98
22/03/22,0.06965,123.21
21/03/22,0.06973,118.11
18/03/22,0.069725,110.46
17/03/22,0.069915,112.93
16/03/22,0.06987,104.97
15/03/22,0.069775,100.99
14/03/22,0.069765,97.93
11/03/22,0.069915,99.08
10/03/22,0.070025,96.84
09/03/22,0.069695,96.84
08/03/22,0.06945,95.39
07/03/22,0.069405,93.54
04/03/22,0.0695,92.97
03/03/22,0.069505,94.81
02/03/22,0.069505,93.28
01/03/22,0.06974,96.48
28/02/22,0.0696,94.44
25/02/22,0.0696,91.41
24/02/22,0.069525,91.55
23/02/22,0.06974,90.78
22/02/22,0.069615,92.69
21/02/22,0.06979,93.27
18/02/22,0.069785,91.11
17/02/22,0.06984,89.47
16/02/22,0.070135,89.16
15/02/22,0.069915,91.21
14/02/22,0.06979,90.03
11/02/22,0.069675,89.34
10/02/22,0.06972,89.96
09/02/22,0.069645,88.2
08/02/22,0.069475,86.27
07/02/22,0.069455,87.89
04/02/22,0.06954,88.38
03/02/22,0.06955,88.44
02/02/22,0.069645,87.51
01/02/22,0.06953,86.48
31/01/22,0.06953,86.06
28/01/22,0.0695,84.47
27/01/22,0.069505,84.67
26/01/22,0.06967,83.72
25/01/22,0.06968,80.87
24/01/22,0.06972,81.75
21/01/22,0.06974,81.99
20/01/22,0.06974,80.8
19/01/22,0.06962,80
18/01/22,0.06974,78.98
17/01/22,0.06984,77.78
14/01/22,0.06994,79.32
13/01/22,0.06996,79.23
12/01/22,0.06984,78.94
11/01/22,0.069915,78.6
10/01/22,0.06989,76.14
07/01/22,0.069645,76.85
06/01/22,0.069475,75.29
05/01/22,0.069645,73.98
04/01/22,0.069915,71.52
03/01/22,0.07009,73.52
31/12/21,0.07016,75.02
30/12/21,0.070085,73.88
29/12/21,0.07016,73.7
28/12/21,0.07028,74.39
27/12/21,0.070285,75.15
24/12/21,0.070315,74.42
23/12/21,0.07018,75.82
22/12/21,0.069985,75.44
21/12/21,0.069855,73.08
20/12/21,0.06955,69.88
17/12/21,0.069595,69.67
16/12/21,0.06972,68.87
15/12/21,0.069765,70.57
14/12/21,0.069765,73.44
13/12/21,0.06972,72.72
10/12/21,0.06957,82.22
09/12/21,0.06967,82.25
08/12/21,0.069645,82.31
07/12/21,0.06955,79.7
06/12/21,0.06926,78.89
03/12/21,0.06945,81.24
02/12/21,0.06955,80.28
01/12/21,0.06972,82.43
30/11/21,0.069815,82.05
29/11/21,0.069815,82.17
26/11/21,0.069915,82.87
25/11/21,0.070085,82.64
24/11/21,0.070135,84.78
23/11/21,0.070135,83.43
22/11/21,0.070185,82.74
19/11/21,0.07023,80.54
18/11/21,0.07028,81.99
17/11/21,0.07021,84.72
16/11/21,0.07031,84.71
15/11/21,0.070355,84.38
12/11/21,0.07024,84.32
11/11/21,0.07011,84.58
10/11/21,0.07016,86.4
09/11/21,0.07021,85.99
08/11/21,0.070135,85.53
05/11/21,0.06979,84.61
04/11/21,0.06974,85.82
03/11/21,0.06994,85.08
02/11/21,0.07016,84.33
01/11/21,0.070185,84.86
29/10/21,0.07058,84
28/10/21,0.070555,83.18
27/10/21,0.070555,83.42
26/10/21,0.070655,83.65
25/10/21,0.07063,82.39
22/10/21,0.070805,81.95
21/10/21,0.070805,81.08
20/10/21,0.07104,82.56
19/10/21,0.07104,81.26
18/10/21,0.070865,79.28
15/10/21,0.07105,78.52
14/10/21,0.07083,78.64
13/10/21,0.07033,79.09
12/10/21,0.07033,79.53
11/10/21,0.07038,78.09
08/10/21,0.070305,77.25
07/10/21,0.070335,76.19
06/10/21,0.07016,74.36
05/10/21,0.070155,73.92
04/10/21,0.07009,75.34
01/10/21,0.06989,75.67
30/09/21,0.069865,75.46
29/09/21,0.06996,73.6
28/09/21,0.07006,73.51
27/09/21,0.07016,72.92
24/09/21,0.070135,71.45
23/09/21,0.07021,72.6
22/09/21,0.07021,71.69
21/09/21,0.07023,72.22
20/09/21,0.07021,72.61
17/09/21,0.07028,73.03
16/09/21,0.07016,71.59
15/09/21,0.07021,72.99
14/09/21,0.070185,73.41
13/09/21,0.07016,72.7
10/09/21,0.070405,71.07
09/09/21,0.07016,72.25
08/09/21,0.07016,71.05
07/09/21,0.070355,68.75
06/09/21,0.070305,65.18
03/09/21,0.07011,66.45
02/09/21,0.07006,68.23
01/09/21,0.07001,69.03
31/08/21,0.070085,69.51
30/08/21,0.06958,70.59
27/08/21,0.069355,71.31
26/08/21,0.069355,71.44
25/08/21,0.06945,70.63
24/08/21,0.069475,69.04
23/08/21,0.06938,70.7
20/08/21,0.06919,71.29
19/08/21,0.06943,70.38
18/08/21,0.06957,72.41
17/08/21,0.069575,72.89
16/08/21,0.069575,76.33
13/08/21,0.0695,76.05
12/08/21,0.069525,74.74
11/08/21,0.069525,74.48
10/08/21,0.069525,74.5
09/08/21,0.06962,74.1
06/08/21,0.06967,73.79
05/08/21,0.06972,72.23
04/08/21,0.069865,69.35
03/08/21,0.06972,68.62
02/08/21,0.06933,73.59
30/07/21,0.06914,73.47
29/07/21,0.069045,74.76
28/07/21,0.06902,76.49
27/07/21,0.068995,75.16
26/07/21,0.069045,75.55
23/07/21,0.068995,74.12
22/07/21,0.069045,73.43
21/07/21,0.06876,74.53
20/07/21,0.06888,77.16
19/07/21,0.06888,76.17
16/07/21,0.06897,75.84
15/07/21,0.069045,75.13
14/07/21,0.069055,74.76
13/07/21,0.069135,74.68
12/07/21,0.068995,76.18
09/07/21,0.06883,75.56
08/07/21,0.068845,75.19
07/07/21,0.069045,74.81
06/07/21,0.069105,74.9
05/07/21,0.06907,73.51
02/07/21,0.068805,73.08
01/07/21,0.06895,74.39
30/06/21,0.06896,73.99
29/06/21,0.069035,72.86
28/06/21,0.069225,72.69
25/06/21,0.06932,72.52
24/06/21,0.069245,72.22
23/06/21,0.069285,72.22
22/06/21,0.06943,71.49
21/06/21,0.06931,71.89
18/06/21,0.06956,71.31
17/06/21,0.069655,71.35
16/06/21,0.07023,70.25
15/06/21,0.070295,69.32
14/06/21,0.070405,69.63
11/06/21,0.070475,69.46
10/06/21,0.070185,68.87
09/06/21,0.070145,68.65
08/06/21,0.07016,68.46
07/06/21,0.0701,66.44
04/06/21,0.06995,65.11
03/06/21,0.069995,66.66
02/06/21,0.070025,68.71
01/06/21,0.070025,69.46
31/05/21,0.070025,68.71
28/05/21,0.069995,67.05
27/05/21,0.069985,69.32
26/05/21,0.06979,68.55
25/05/21,0.06979,68.32
24/05/21,0.069655,68.28
21/05/21,0.069655,68.09
20/05/21,0.06956,68.96
19/05/21,0.07001,68.88
18/05/21,0.07006,67.56
17/05/21,0.07001,67.25
14/05/21,0.07043,68.56
13/05/21,0.07043,67.27
12/05/21,0.07043,66.42
11/05/21,0.07043,65.65
10/05/21,0.07043,66.11
07/05/21,0.069995,65.4
06/05/21,0.06983,65.32
05/05/21,0.069275,66.57
04/05/21,0.069295,67.05
03/05/21,0.0692,66.77
30/04/21,0.069225,66.94
29/04/21,0.0692,66.58
28/04/21,0.06896,63.67
27/04/21,0.069035,63.28
26/04/21,0.069035,62.95
23/04/21,0.068845,63.2
22/04/21,0.068865,63.16
21/04/21,0.068815,62.74
20/04/21,0.06897,62.15
19/04/21,0.068735,64.86
16/04/21,0.068655,63.54
15/04/21,0.06844,64.14
14/04/21,0.068475,64.98
13/04/21,0.068465,64.57
12/04/21,0.068515,61.95
09/04/21,0.068655,64.41
08/04/21,0.068795,60.79
07/04/21,0.068985,64.62
06/04/21,0.068935,64.53
05/04/21,0.06889,63.28
02/04/21,0.068845,68
01/04/21,0.068845,68.39
31/03/21,0.068845,68.88
30/03/21,0.069055,69.22
29/03/21,0.069225,69.63
26/03/21,0.069355,67.9
25/03/21,0.06932,67.52
24/03/21,0.06932,68.24
23/03/21,0.069465,69.36
22/03/21,0.06943,66.74
19/03/21,0.069415,64.07
18/03/21,0.069395,62.7
17/03/21,0.06931,63.69
16/03/21,0.06939,66.13
15/03/21,0.069415,66.88
12/03/21,0.069515,67.04
11/03/21,0.069415,65.37
10/03/21,0.069415,65.24
09/03/21,0.06944,62.91
08/03/21,0.06963,63.93
05/03/21,0.069925,64.34
04/03/21,0.070095,63.35
03/03/21,0.070195,63.3
02/03/21,0.069805,62.43
01/03/21,0.070145,61.14
26/02/21,0.07012,61.47
25/02/21,0.071005,61.09
24/02/21,0.070995,60.56
23/02/21,0.070955,59.34
22/02/21,0.070845,58.84
19/02/21,0.071095,58.46
18/02/21,0.071295,57.46
17/02/21,0.07132,56.35
16/02/21,0.071805,55.88
15/02/21,0.071865,55.53
12/02/21,0.071565,55.81
11/02/21,0.071565,55.91
10/02/21,0.071515,55.88
09/02/21,0.071445,55.41
08/02/21,0.071425,56.1
05/02/21,0.07127,56.08
04/02/21,0.07132,55.9
03/02/21,0.071395,54.75
02/02/21,0.071295,55.1
01/02/21,0.07132,56.42
29/01/21,0.07127,56.06
28/01/21,0.07107,56.58
27/01/21,0.07117,55.66
26/01/21,0.071095,55.99
25/01/21,0.07132,54.38
22/01/21,0.071245,54.3
21/01/21,0.071425,53.6
20/01/21,0.07127,51.09
19/01/21,0.071095,51.8
18/01/21,0.07107,51.34
15/01/21,0.07132,51.09
14/01/21,0.071145,50.86
13/01/21,0.071115,51.29
12/01/21,0.07077,51.2
11/01/21,0.070795,50.08
08/01/21,0.071325,50.91
07/01/21,0.071885,52.26
06/01/21,0.071965,51.5
05/01/21,0.07186,51.08
04/01/21,0.071965,50.76
01/01/21,0.07117,50.29
31/12/20,0.07117,49.97
30/12/20,0.07117,50.25
29/12/20,0.07077,48.86
28/12/20,0.070645,48.84
25/12/20,0.07042,48.79
24/12/20,0.07042,49.25
23/12/20,0.07042,48.71
22/12/20,0.070395,48.25
21/12/20,0.07077,47.42
18/12/20,0.07087,47.59
17/12/20,0.07089,48.18
16/12/20,0.070795,47.8
15/12/20,0.07082,48.61
14/12/20,0.070945,47.86
11/12/20,0.07102,46.06
10/12/20,0.070895,44.96
09/12/20,0.07087,44.2
08/12/20,0.07087,44.34
07/12/20,0.070895,43.75
04/12/20,0.07089,43.82
03/12/20,0.07072,42.78
02/12/20,0.070795,43.53
01/12/20,0.07077,43.8
30/11/20,0.07082,43.61
27/11/20,0.07097,42.4
26/11/20,0.07092,39.45
25/11/20,0.07072,40.93
24/11/20,0.070645,41.23
23/11/20,0.070675,39.71
20/11/20,0.070595,38.97
19/11/20,0.070645,37.46
18/11/20,0.07107,37.65
17/11/20,0.071145,39.12
16/11/20,0.07087,41.2
13/11/20,0.07057,40.46
12/11/20,0.07057,41.77
11/11/20,0.070995,42.46
10/11/20,0.07117,41.73
09/11/20,0.071105,43.16
06/11/20,0.07037,42.62
05/11/20,0.069535,42.93
04/11/20,0.068655,43.16
03/11/20,0.06856,43.32
02/11/20,0.0683,42.45
30/10/20,0.06837,41.72
29/10/20,0.06837,42.85
28/10/20,0.06837,43.34
27/10/20,0.06837,41.99
26/10/20,0.068255,42.65
23/10/20,0.068205,41.29
22/10/20,0.068205,39.27
21/10/20,0.068335,40.93
20/10/20,0.06823,40.95
19/10/20,0.068045,41.03
16/10/20,0.06802,42.43
15/10/20,0.06807,41.92
14/10/20,0.067975,41.94
13/10/20,0.06795,41.77
12/10/20,0.06802,41.72
09/10/20,0.068025,41.44
08/10/20,0.067975,43.15
07/10/20,0.067975,43.3
06/10/20,0.067865,42.22
05/10/20,0.067565,40.53
02/10/20,0.06729,39.61
01/10/20,0.067405,39.83
30/09/20,0.0672,40.06
29/09/20,0.067135,40.79
28/09/20,0.06711,39.78
25/09/20,0.067245,42.01
24/09/20,0.067155,42.66
23/09/20,0.067495,44.07
22/09/20,0.06763,44.43
21/09/20,0.068025,45.58
18/09/20,0.06786,45.28
17/09/20,0.067425,45.05
16/09/20,0.067405,45.09
15/09/20,0.067355,45.64
14/09/20,0.0672,45.86
11/09/20,0.067155,45.13
10/09/20,0.06731,44.35
09/09/20,0.06763,44.9
08/09/20,0.067725,45.37
07/09/20,0.067835,45.46
04/09/20,0.067805,45.37
03/09/20,0.06768,44.8
02/09/20,0.067815,44.96
01/09/20,0.06863,45.43
31/08/20,0.068665,44.5
28/08/20,0.06837,44.99
27/08/20,0.068205,44.4
26/08/20,0.06815,45.09
25/08/20,0.068275,45.17
24/08/20,0.06816,44.43
21/08/20,0.067695,44.15
20/08/20,0.067695,43.3
19/08/20,0.067695,42.94
18/08/20,0.06736,43.75
17/08/20,0.067585,43.22
14/08/20,0.067585,43.41
13/08/20,0.06768,43.34
12/08/20,0.067745,43.31
11/08/20,0.068115,44.29
10/08/20,0.068305,44.32
07/08/20,0.06837,43.28
06/08/20,0.06856,43.14
05/08/20,0.068725,43.37
04/08/20,0.068395,43.79
03/08/20,0.06835,42.9
31/07/20,0.06849,42.72
30/07/20,0.06849,43.24
29/07/20,0.068795,42.35
28/07/20,0.0688,43.29
27/07/20,0.068865,43.08
24/07/20,0.06844,43.1
23/07/20,0.06858,42.8
22/07/20,0.068255,43.14
21/07/20,0.067845,42.03
20/07/20,0.067635,41.15
17/07/20,0.068045,41.71
16/07/20,0.068375,41.02
15/07/20,0.06855,41.05
14/07/20,0.0692,40.31
13/07/20,0.06932,42.63
10/07/20,0.06927,43.08
09/07/20,0.069465,42.19
08/07/20,0.06939,41.51
07/07/20,0.06925,40.71
06/07/20,0.06901,40.96
03/07/20,0.068915,39.72
02/07/20,0.069545,38.73
01/07/20,0.0701,38.55
30/06/20,0.07015,41.73
29/06/20,0.0702,41.18
26/06/20,0.07032,40.8
25/06/20,0.070545,42.3
24/06/20,0.07077,39.99
23/06/20,0.07062,39.79
22/06/20,0.070495,39.57
19/06/20,0.07092,38.32
18/06/20,0.070995,35.33
17/06/20,0.07101,35.29
16/06/20,0.07097,34.74
15/06/20,0.070845,36.17
12/06/20,0.070795,35.53
11/06/20,0.07135,35.13
10/06/20,0.071525,36.06
09/06/20,0.07199,35.75
08/06/20,0.072015,34.65
05/06/20,0.072095,34.81
04/06/20,0.070945,32.5
03/06/20,0.070945,31.13
02/06/20,0.06937,29.19
01/06/20,0.068445,29.98
29/05/20,0.068445,29.63
28/05/20,0.067955,30.97
27/05/20,0.067975,29.46
26/05/20,0.067765,29.72
25/05/20,0.067975,30.97
22/05/20,0.067975,27.2
21/05/20,0.067975,26.44
20/05/20,0.067975,25.27
19/05/20,0.0677,22.54
18/05/20,0.067335,20.46
15/05/20,0.06729,19.99
14/05/20,0.067175,21.44
13/05/20,0.06727,21.33
12/05/20,0.067085,20.37
11/05/20,0.067135,19.33
08/05/20,0.067015,25.57
07/05/20,0.066465,28.08
06/05/20,0.066465,27.82
05/05/20,0.06631,27.69
04/05/20,0.06622,29.6
01/05/20,0.067225,31.74
30/04/20,0.067225,31.48
29/04/20,0.06538,32.84
28/04/20,0.064835,31.87
27/04/20,0.064995,33.05
24/04/20,0.06493,34.11
23/04/20,0.06493,29.94
22/04/20,0.06472,24.74
21/04/20,0.0647,22.74
20/04/20,0.06488,22.76
17/04/20,0.064805,24.93
16/04/20,0.063935,26.34
15/04/20,0.06424,27.39
14/04/20,0.063975,27.15
13/04/20,0.063975,27.03
10/04/20,0.06321,26.98
09/04/20,0.06321,28.47
08/04/20,0.061815,24.88
07/04/20,0.06182,28.73
06/04/20,0.060925,30.05
03/04/20,0.06088,33.85
02/04/20,0.06069,33.22
01/04/20,0.060785,35.79
31/03/20,0.061305,37.22
30/03/20,0.061205,34.36
27/03/20,0.061955,45.27
26/03/20,0.061325,49.99
25/03/20,0.060605,51.13
24/03/20,0.060605,51.86
23/03/20,0.06033,51.9
20/03/20,0.06279,50.52
19/03/20,0.06284,52.18
18/03/20,0.065705,53.43
17/03/20,0.065915,54.95
16/03/20,0.066995,56.3
13/03/20,0.0677,58.5
12/03/20,0.068855,59.31
11/03/20,0.06967,59.12
10/03/20,0.0697,57.75
09/03/20,0.069475,57.67
06/03/20,0.07027,57.32
05/03/20,0.07057,56.34
04/03/20,0.070845,55.79
03/03/20,0.070015,54.01
02/03/20,0.070095,53.27
28/02/20,0.069695,54.47
27/02/20,0.071245,54.93
26/02/20,0.07177,55.28
25/02/20,0.072025,53.96
24/02/20,0.072095,54.45
21/02/20,0.072645,58.16
20/02/20,0.07295,58.29
19/02/20,0.07305,59.81
18/02/20,0.073175,59.51
17/02/20,0.073245,59.32
14/02/20,0.07312,60.69
13/02/20,0.073095,62.04
12/02/20,0.0732,63.21
11/02/20,0.073175,64.59
10/02/20,0.073015,65.2
07/02/20,0.07312,64.85
06/02/20,0.073415,64.62
05/02/20,0.07312,64
04/02/20,0.072935,64.49
03/02/20,0.072765,64.2
31/01/20,0.07323,64.98
30/01/20,0.073285,65.37
29/01/20,0.07338,65.44
28/01/20,0.07332,68.27
27/01/20,0.073495,68.91
24/01/20,0.07367,68.6
23/01/20,0.073365,66.25
22/01/20,0.073285,66
21/01/20,0.073215,68.44
20/01/20,0.07335,68.16
17/01/20,0.07332,67.92
16/01/20,0.073365,67.2
15/01/20,0.073175,66.39
14/01/20,0.073145,66.14
13/01/20,0.073155,66.54
10/01/20,0.07266,66.17
09/01/20,0.072195,66.1
08/01/20,0.07198,65.34
07/01/20,0.072065,65.22
06/01/20,0.071735,64.2
03/01/20,0.071805,63.72
02/01/20,0.071995,64.34
01/01/20,0.07203,64.25
31/12/19,0.07203,64.39
30/12/19,0.07181,63.39
27/12/19,0.07168,63
26/12/19,0.071655,60.82
25/12/19,0.07159,60.92
24/12/19,0.07159,62.43
23/12/19,0.07159,63.87
20/12/19,0.07154,64.06
19/12/19,0.0715,64.27
18/12/19,0.071555,63.65
17/12/19,0.071475,63.39
16/12/19,0.071395,63.97
13/12/19,0.0715,62.4
12/12/19,0.071295,60.91
11/12/19,0.071245,62.44
10/12/19,0.071375,63.3
09/12/19,0.071345,62.28
06/12/19,0.071235,62.37
05/12/19,0.071095,62.06
04/12/19,0.070895,62.18
03/12/19,0.070895,62.51
02/12/19,0.070795,62.29
29/11/19,0.070895,61.74
28/11/19,0.070965,62.96
27/11/19,0.070945,62.13
26/11/19,0.070995,61.69
25/11/19,0.071045,60.23
22/11/19,0.070995,60.61
21/11/19,0.07098,61.59
20/11/19,0.070945,61.57
19/11/19,0.070965,62.02
18/11/19,0.071035,61.67
15/11/19,0.071055,61.17
14/11/19,0.070995,59.7
13/11/19,0.07101,58.96
12/11/19,0.071145,59.42
11/11/19,0.071105,59.91
08/11/19,0.07135,59.42
07/11/19,0.07145,58.74
06/11/19,0.071345,59.35
05/11/19,0.07159,60.51
04/11/19,0.071345,59.1
01/11/19,0.071245,58.32
31/10/19,0.071235,58.24
30/10/19,0.071285,58.35
29/10/19,0.071295,58.37
28/10/19,0.071295,57.71
25/10/19,0.071245,57.69
24/10/19,0.071125,58.89
23/10/19,0.07128,60.78
22/10/19,0.07122,61.91
21/10/19,0.071025,62.74
18/10/19,0.070695,62.39
17/10/19,0.070675,63.1
16/10/19,0.070575,64.77
15/10/19,0.070595,64.28
14/10/19,0.07072,64.4
11/10/19,0.070775,63.6
10/10/19,0.07066,64.55
09/10/19,0.070565,69.02
08/10/19,0.070645,60.22
07/10/19,0.070605,60.38
04/10/19,0.070745,60.81
03/10/19,0.070555,62.38
02/10/19,0.070445,62.59
01/10/19,0.070355,61.54
30/09/19,0.070445,60.95
27/09/19,0.070595,60.7
26/09/19,0.07053,58.26
25/09/19,0.070665,58.66
24/09/19,0.070855,60.43
23/09/19,0.070995,61.08
20/09/19,0.071145,60.49
19/09/19,0.071115,59.51
18/09/19,0.071115,58.7
17/09/19,0.070945,59.34
16/09/19,0.07122,59.92
13/09/19,0.071605,60.3
12/09/19,0.071475,60.03
11/09/19,0.071115,59.74
10/09/19,0.071165,58.64
09/09/19,0.07127,58.23
06/09/19,0.070945,59.48
05/09/19,0.070665,61.3
04/09/19,0.070655,58.57
03/09/19,0.070295,58.53
02/09/19,0.07045,57.38
30/08/19,0.070495,56.23
29/08/19,0.07023,58.94
28/08/19,0.070145,59.81
27/08/19,0.070145,61.89
26/08/19,0.07022,60.5
23/08/19,0.070355,65.17
22/08/19,0.070245,64.72
21/08/19,0.07022,63.71
20/08/19,0.070125,63.46
19/08/19,0.070245,63.39
16/08/19,0.070245,63.18
15/08/19,0.070085,63.83
14/08/19,0.070195,63.26
13/08/19,0.06984,62.47
12/08/19,0.070185,61.93
09/08/19,0.070465,63.66
08/08/19,0.070375,64.35
07/08/19,0.070305,66.48
06/08/19,0.070095,66.72
05/08/19,0.070145,66.52
02/08/19,0.070515,67.01
01/08/19,0.07084,64.16
31/07/19,0.071335,64.11
30/07/19,0.071325,64.23
29/07/19,0.071325,63.3
26/07/19,0.071405,63.82
25/07/19,0.07154,62.4
24/07/19,0.071455,65.06
23/07/19,0.071505,66.55
22/07/19,0.071705,66.55
19/07/19,0.071755,66.49
18/07/19,0.071625,65.05
17/07/19,0.071525,64.86
16/07/19,0.071755,65.2
15/07/19,0.071835,64.45
12/07/19,0.07139,61.82
11/07/19,0.071095,62.14
10/07/19,0.070765,60.94
09/07/19,0.070765,62.01
08/07/19,0.070865,61.31
05/07/19,0.071005,59.97
04/07/19,0.070715,62.29
03/07/19,0.07083,62.29
02/07/19,0.07073,63.29
01/07/19,0.070855,61.67
28/06/19,0.07078,60.63
27/06/19,0.070715,61.97
26/06/19,0.070545,61.28
25/06/19,0.070795,64.49
24/06/19,0.070715,66.87
21/06/19,0.070645,69.45
20/06/19,0.070505,70.11
19/06/19,0.070075,70.11
18/06/19,0.069815,68.69
17/06/19,0.069755,67.76
14/06/19,0.069805,70.99
13/06/19,0.070025,72.18
12/06/19,0.070245,71.97
11/06/19,0.07023,72.21
10/06/19,0.070175,72.62
07/06/19,0.070045,71.77
06/06/19,0.070045,71.24
05/06/19,0.070045,70.23
04/06/19,0.070045,70.62
03/06/19,0.070045,70.39
31/05/19,0.070045,70.37
30/05/19,0.06944,69.88
29/05/19,0.06944,71.24
28/05/19,0.06956,70.85
27/05/19,0.069535,70.75
24/05/19,0.069475,72.18
23/05/19,0.069155,72.8
22/05/19,0.068845,72.04
21/05/19,0.069055,72.15
20/05/19,0.069175,74.35
17/05/19,0.0692,74.57
16/05/19,0.0692,74.51
15/05/19,0.069155,74.04
14/05/19,0.069295,71.97
13/05/19,0.069365,71.62
10/05/19,0.069805,71.72
09/05/19,0.069685,71.18
08/05/19,0.06995,71.55
07/05/19,0.070025,70.83
06/05/19,0.06996,71.73
03/05/19,0.070145,70.61
02/05/19,0.070175,71.1
01/05/19,0.070175,70.34
30/04/19,0.070175,69.4
29/04/19,0.070415,69.31
26/04/19,0.07048,69.37
25/04/19,0.070495,69.01
24/04/19,0.070945,68.39
23/04/19,0.071045,67.82
22/04/19,0.071045,67.83
19/04/19,0.071205,67.97
18/04/19,0.071205,67.21
17/04/19,0.070995,67.03
16/04/19,0.070995,67.86
15/04/19,0.071115,68.5
12/04/19,0.070955,67.61
11/04/19,0.070745,67.54
10/04/19,0.070665,67.16
09/04/19,0.070755,67.23
08/04/19,0.070605,67.55
05/04/19,0.070795,66.67
04/04/19,0.070515,66.58
03/04/19,0.070315,65.74
02/04/19,0.070315,66.3
01/04/19,0.070295,65.99
29/03/19,0.07022,65.86
28/03/19,0.07021,65.67
27/03/19,0.070445,65.07
26/03/19,0.070565,66.03
25/03/19,0.070515,66.39
22/03/19,0.070595,65.21
21/03/19,0.070715,64.76
20/03/19,0.070495,67.12
19/03/19,0.070265,67.07
18/03/19,0.07023,67.08
15/03/19,0.07013,66.45
14/03/19,0.070085,66.5
13/03/19,0.070095,66.25
12/03/19,0.070095,64.57
11/03/19,0.069975,63.61
08/03/19,0.069875,62.42
07/03/19,0.070715,61.51
06/03/19,0.070715,62.1
05/03/19,0.070815,61.63
04/03/19,0.070765,62.69
01/03/19,0.070845,61.98
28/02/19,0.071095,62.51
27/02/19,0.071275,62.75
26/02/19,0.071465,61.89
25/02/19,0.071335,61.65
22/02/19,0.07113,61.32
21/02/19,0.071105,59.93
20/02/19,0.07122,61.64
19/02/19,0.070905,61.09
18/02/19,0.070885,61.14
15/02/19,0.070705,61.5
14/02/19,0.070965,62.74
13/02/19,0.07113,62.7
12/02/19,0.071075,61.18
11/02/19,0.07122,61.32
08/02/19,0.071605,60.64
07/02/19,0.071565,58.99
06/02/19,0.071825,60.48
05/02/19,0.071655,61.68
04/02/19,0.071655,61.44
01/02/19,0.071735,58.72
31/01/19,0.071565,57.33
30/01/19,0.070765,57.06
29/01/19,0.070945,55.95
28/01/19,0.071065,54.91
25/01/19,0.070995,
24/01/19,0.070595,
23/01/19,0.070515,
22/01/19,0.070345,
21/01/19,0.070305,
18/01/19,0.070545,
17/01/19,0.070515,
16/01/19,0.070805,
15/01/19,0.070955,
14/01/19,0.0708,
11/01/19,0.071195,
10/01/19,0.071145,
09/01/19,0.070795,
08/01/19,0.070695,
07/01/19,0.070965,
04/01/19,0.070075,
03/01/19,0.069395,
02/01/19,0.0692,
01/01/19,0.069535,
