Date,Price,Open,High,Low,Vol.,Change %
12/31/2025,60.85,61.33,61.92,60.63,208.85K,-1.73%
12/30/2025,61.92,61.56,62.32,61.45,29.69K,-0.03%
12/29/2025,61.94,60.91,62.19,60.87,86.95K,2.14%
12/26/2025,60.64,62.3,62.67,60.56,53.28K,-1.88%
12/24/2025,61.8,61.97,62.22,61.55,165.81K,-0.11%
12/23/2025,61.87,61.44,62.03,61.28,284.55K,0.47%
12/22/2025,61.58,60.25,61.66,60.11,323.72K,1.84%
12/19/2025,60.47,59.72,60.65,59.4,241.73K,1.09%
12/18/2025,59.82,60.61,60.67,59.54,237.23K,0.23%
12/17/2025,59.68,59.3,60.74,59.25,346.61K,1.29%
12/16/2025,58.92,60.39,60.4,58.72,356.77K,-2.71%
12/15/2025,60.56,61.09,61.5,60.13,288.63K,-0.92%
12/12/2025,61.12,61.6,61.86,60.81,246.06K,-0.26%
12/11/2025,61.28,62.42,62.63,60.77,328.70K,-1.49%
12/10/2025,62.21,62.11,62.73,61.35,298.74K,0.44%
12/9/2025,61.94,62.54,62.78,61.83,240.38K,-0.88%
12/8/2025,62.49,63.75,63.96,62.34,276.73K,-1.98%
12/5/2025,63.75,63.26,64.09,63.06,243.20K,0.77%
12/4/2025,63.26,62.72,63.62,62.53,218.46K,0.94%
12/3/2025,62.67,62.56,63.37,62.18,263.71K,0.35%
12/2/2025,62.45,63.33,63.35,62.17,300.18K,-1.14%
12/1/2025,63.17,62.69,63.82,62.69,313.72K,-0.05%
11/28/2025,63.2,63.36,63.76,63.05,23.58K,-0.22%
11/27/2025,63.34,63.01,63.45,62.75,64.93K,0.33%
11/26/2025,63.13,62.64,63.2,62.11,124.93K,1.04%
11/25/2025,62.48,63.36,63.36,61.6,232.00K,-1.40%
11/24/2025,63.37,62.7,63.56,61.94,209.01K,2.31%
11/21/2025,61.94,62.4,62.47,61.26,410.55K,-1.37%
11/20/2025,62.8,63.23,63.85,62.41,327.01K,-0.32%
11/19/2025,63,64.26,64.36,62.43,363.40K,-2.22%
11/18/2025,64.43,63.58,64.64,63.2,295.95K,1.05%
11/17/2025,63.76,63.6,64.24,63.23,207.69K,-0.98%
11/14/2025,64.39,63.36,64.87,63.36,461.05K,2.19%
11/13/2025,63.01,62.56,63.45,62.34,324.11K,0.48%
11/12/2025,62.71,65.15,65.15,62.56,403.45K,-3.76%
11/11/2025,65.16,63.94,65.31,63.6,309.79K,1.72%
11/10/2025,64.06,63.8,64.34,63.32,273.06K,0.68%
11/7/2025,63.63,63.63,64.39,63.23,358.55K,0.39%
11/6/2025,63.38,63.58,64.34,62.84,392.51K,-0.22%
11/5/2025,63.52,64.18,64.95,63.44,334.45K,-1.43%
11/4/2025,64.44,64.73,64.8,63.82,265.67K,-0.69%
11/3/2025,64.89,65.12,65.32,64.33,307.41K,-0.28%
10/31/2025,65.07,64.64,65.46,64.5,20.71K,0.11%
10/30/2025,65,64.69,65.15,64.06,110.56K,0.12%
10/29/2025,64.92,64.52,65.37,63.92,105.76K,0.81%
10/28/2025,64.4,65.54,65.76,64,232.27K,-1.86%
10/27/2025,65.62,66.16,66.64,65.06,247.02K,0.64%
10/24/2025,65.2,65.12,65.95,64.73,475.49K,-0.14%
10/23/2025,65.29,63.8,65.66,63.37,808.93K,4.92%
10/22/2025,62.23,61.34,64.04,61.09,429.97K,1.97%
10/21/2025,61.03,60.78,61.82,60.2,323.90K,0.25%
10/20/2025,60.88,61.16,61.37,59.97,225.22K,-0.67%
10/17/2025,61.29,61,61.47,60.14,378.72K,0.38%
10/16/2025,61.06,62.4,62.75,60.84,416.75K,-1.37%
10/15/2025,61.91,62.33,63.04,61.79,331.20K,-0.77%
10/14/2025,62.39,63.49,63.63,61.5,423.16K,-1.47%
10/13/2025,63.32,62.9,63.95,62.9,346.53K,0.94%
10/10/2025,62.73,65.27,65.36,62,547.99K,-3.82%
10/9/2025,65.22,65.82,66.58,64.96,345.80K,-1.55%
10/8/2025,66.25,65.8,66.54,65.76,325.86K,1.22%
10/7/2025,65.45,65.48,65.84,64.53,293.95K,-0.03%
10/6/2025,65.47,64.9,65.77,64.76,299.84K,1.46%
10/3/2025,64.53,64.38,65.02,64.2,311.95K,0.66%
10/2/2025,64.11,65.45,66.15,64,480.22K,-1.90%
10/1/2025,65.35,66.18,66.57,65.05,420.60K,-2.49%
9/30/2025,67.02,67.5,67.71,66.84,19.23K,-1.40%
9/29/2025,67.97,69.5,69.91,67.52,107.59K,-3.08%
9/26/2025,70.13,69.54,70.76,69.11,110.38K,1.02%
9/25/2025,69.42,69.04,69.68,68.42,210.51K,0.16%
9/24/2025,69.31,67.88,69.37,67.51,222.73K,3.49%
9/23/2025,66.97,65.99,67.42,65.49,344.39K,1.52%
9/22/2025,65.97,65.98,66.67,65.35,295.75K,-1.06%
9/19/2025,66.68,67.46,67.57,66.44,276.24K,-1.13%
9/18/2025,67.44,68,68.42,67.19,254.39K,-0.75%
9/17/2025,67.95,68.53,68.59,67.62,233.62K,-0.76%
9/16/2025,68.47,67.47,68.69,67.01,305.98K,1.53%
9/15/2025,67.44,67.33,67.85,66.78,207.09K,0.67%
9/12/2025,66.99,66.24,68.17,65.71,397.41K,0.93%
9/11/2025,66.37,67.58,67.62,66.15,247.54K,-1.66%
9/10/2025,67.49,66.69,67.78,66.66,274.93K,1.66%
9/9/2025,66.39,66.23,67.38,66.12,309.16K,0.56%
9/8/2025,66.02,65.55,67.04,65.51,257.32K,0.79%
9/5/2025,65.5,66.82,67.05,65.07,327.79K,-2.22%
9/4/2025,66.99,67.41,67.41,66.35,295.61K,-0.90%
9/3/2025,67.6,69.1,69.24,67.36,393.06K,-2.23%
9/2/2025,69.14,68.19,69.53,68.05,346.06K,1.45%
9/1/2025,68.15,67.42,68.36,67.12,151.21K,0.04%
8/29/2025,68.12,68.24,68.39,67.9,18.13K,-0.73%
8/28/2025,68.62,67.71,68.71,67.39,105.36K,0.84%
8/27/2025,68.05,67.39,68.12,66.91,131.60K,1.23%
8/26/2025,67.22,68.73,68.73,67.11,177.90K,-2.30%
8/25/2025,68.8,67.89,69.07,67.57,130.69K,2.35%
8/22/2025,67.22,67.05,67.45,66.89,276.32K,0.15%
8/21/2025,67.12,66.46,67.25,66.25,275.96K,1.22%
8/20/2025,66.31,65.59,66.54,65.31,263.66K,1.55%
8/19/2025,65.3,65.98,66.01,65.14,200.65K,-1.08%
8/18/2025,66.01,65.26,66.24,64.79,195.57K,0.24%
8/15/2025,65.85,66.87,67.06,65.73,251.20K,-1.48%
8/14/2025,66.84,65.76,66.99,65.55,275.02K,1.84%
8/13/2025,65.63,66.14,66.33,65.01,310.06K,-0.74%
8/12/2025,66.12,66.8,67.06,65.98,228.13K,-0.77%
8/11/2025,66.63,66.25,67.13,65.81,223.89K,0.06%
8/8/2025,66.59,66.42,67.22,65.53,375.28K,0.24%
8/7/2025,66.43,66.88,67.68,66.27,319.76K,-0.69%
8/6/2025,66.89,67.75,69.18,66.22,395.90K,-1.11%
8/5/2025,67.64,68.75,68.87,67.52,334.76K,-1.63%
8/4/2025,68.76,69.11,69.98,68,308.42K,-1.31%
8/1/2025,69.67,71.83,72,69.4,418.02K,-3.94%
7/31/2025,72.53,73.53,73.53,72.4,16.02K,-0.97%
7/30/2025,73.24,72.57,73.63,71.75,111.92K,1.01%
7/29/2025,72.51,70.28,73.08,69.86,136.65K,3.53%
7/28/2025,70.04,68.54,70.45,68.35,203.44K,2.34%
7/25/2025,68.44,69.36,69.86,68.31,166.66K,0.12%
7/24/2025,68.36,67.99,68.77,67.7,340.03K,0.78%
7/23/2025,67.83,68.02,68.26,67.29,327.38K,0.09%
7/22/2025,67.77,68.29,68.3,67.35,310.74K,-0.89%
7/21/2025,68.38,68.35,68.75,67.71,265.69K,-1.30%
7/18/2025,69.28,69.55,70.77,69.14,411.81K,-0.35%
7/17/2025,69.52,68.79,69.67,68.27,324.16K,1.46%
7/16/2025,68.52,68.98,69.09,67.71,361.65K,-0.28%
7/15/2025,68.71,69.15,69.41,68.6,314.88K,-0.72%
7/14/2025,69.21,70.5,71.53,69.02,362.84K,-1.63%
7/11/2025,70.36,68.84,70.71,68.55,290.55K,2.51%
7/10/2025,68.64,70.06,70.48,68.54,345.20K,-2.21%
7/9/2025,70.19,69.92,70.71,69.61,273.96K,0.06%
7/8/2025,70.15,69.5,70.68,69.03,282.68K,0.82%
7/7/2025,69.58,67.64,69.94,67.22,313.88K,1.87%
7/4/2025,68.3,68.85,68.89,67.75,160.48K,-0.73%
7/3/2025,68.8,68.86,69.14,68.32,313.95K,-0.45%
7/2/2025,69.11,67.11,69.21,66.94,384.48K,2.98%
7/1/2025,67.11,66.58,67.5,66.34,270.05K,-0.74%
6/30/2025,67.61,67.33,68.15,67.03,17.09K,-0.24%
6/27/2025,67.77,67.91,68.42,67.2,93.02K,0.06%
6/26/2025,67.73,67.77,69.05,67.38,111.54K,0.07%
6/25/2025,67.68,67.88,68.78,67.32,214.00K,0.80%
6/24/2025,67.14,68.37,70.2,66.82,453.90K,-4.79%
6/23/2025,70.52,78.9,79.4,68.64,789.17K,-6.57%
6/20/2025,75.48,75.73,76.01,74,390.10K,-2.08%
6/19/2025,77.08,74.95,77.18,74.17,359.43K,2.58%
6/18/2025,75.14,75.18,75.74,73,536.52K,0.32%
6/17/2025,74.9,72.5,75.53,71.46,514.73K,4.04%
6/16/2025,71.99,76,76.45,69.43,527.11K,-3.02%
6/13/2025,74.23,70.5,78.5,70.41,1.24M,7.02%
6/12/2025,69.36,70.23,70.4,68.36,507.90K,-0.59%
6/11/2025,69.77,66.6,70.83,66.47,511.83K,4.34%
6/10/2025,66.87,67.12,68,66.48,343.94K,-0.25%
6/9/2025,67.04,66.59,67.19,66.07,281.13K,0.86%
6/6/2025,66.47,65.26,66.67,64.8,335.32K,1.73%
6/5/2025,65.34,64.77,65.85,64.6,260.73K,0.74%
6/4/2025,64.86,65.52,65.95,64.27,376.27K,-1.17%
6/3/2025,65.63,65.16,65.95,64.51,357.85K,1.55%
6/2/2025,64.63,63.2,65.76,63,478.84K,1.14%
5/30/2025,63.9,64.11,64.67,63.65,17.26K,-0.39%
5/29/2025,64.15,65.03,66.13,63.79,120.07K,-0.26%
5/28/2025,64.32,63.86,65.05,63.51,336.00K,1.18%
5/27/2025,63.57,64.12,64.49,62.96,342.54K,-0.86%
5/26/2025,64.12,64.42,64.81,63.89,88.47K,-0.14%
5/23/2025,64.21,63.5,64.65,62.8,333.49K,0.45%
5/22/2025,63.92,64.14,64.5,63.07,310.83K,-0.71%
5/21/2025,64.38,65.45,65.93,64.03,378.48K,-0.59%
5/20/2025,64.76,64.91,65.27,64.23,277.36K,-0.06%
5/19/2025,64.8,64.73,65.28,63.84,269.75K,-0.93%
5/16/2025,65.41,64.7,65.54,64.18,315.00K,1.36%
5/15/2025,64.53,65.42,65.42,63.44,446.38K,-2.36%
5/14/2025,66.09,66.56,66.59,65.68,302.75K,-0.81%
5/13/2025,66.63,64.93,66.81,64.63,345.46K,2.57%
5/12/2025,64.96,64.05,66.4,63.88,417.96K,1.64%
5/9/2025,63.91,63.07,64.27,62.84,326.19K,1.70%
5/8/2025,62.84,61.06,63.38,61,350.88K,2.81%
5/7/2025,61.12,62.5,63.25,60.83,367.74K,-1.66%
5/6/2025,62.15,60.28,62.8,60.18,385.65K,3.19%
5/5/2025,60.23,59.5,60.82,58.5,321.53K,-1.73%
5/2/2025,61.29,61.82,62.72,60.69,373.28K,-1.35%
5/1/2025,62.13,61.23,62.4,59.3,449.04K,-1.57%
4/30/2025,63.12,64.11,64.33,62.99,24.16K,-1.76%
4/29/2025,64.25,65.79,65.83,63.9,120.75K,-2.44%
4/28/2025,65.86,67.25,67.57,65.25,139.73K,-1.51%
4/25/2025,66.87,66.57,67.18,65.55,183.22K,0.48%
4/24/2025,66.55,66.11,67.02,65.8,214.13K,2.10%
4/23/2025,65.18,67.01,67.64,64.39,461.72K,-1.96%
4/22/2025,66.48,65.8,67.08,65.58,305.54K,1.81%
4/21/2025,65.3,66.87,66.87,64.76,156.30K,-3.91%
4/17/2025,67.96,66.25,68.14,65.95,301.81K,3.20%
4/16/2025,65.85,64.82,66.36,63.79,348.37K,1.82%
4/15/2025,64.67,64.96,65.4,64.21,276.51K,-0.32%
4/14/2025,64.88,65,65.9,64.02,282.68K,0.19%
4/11/2025,64.76,63.16,65.08,62.77,411.66K,2.26%
4/10/2025,63.33,65.9,66.08,62,489.76K,-3.28%
4/9/2025,65.48,61.13,66.02,58.4,931.66K,4.23%
4/8/2025,62.82,64.59,65.21,61.34,667.30K,-2.16%
4/7/2025,64.21,64.9,67.43,62.51,881.70K,-2.09%
4/4/2025,65.58,70,70.11,64.03,987.63K,-6.50%
4/3/2025,70.14,72.7,73.4,69.48,751.22K,-6.42%
4/2/2025,74.95,74.52,75.47,73.1,448.93K,0.62%
4/1/2025,74.49,74.67,75.29,74.33,440.73K,-0.33%
3/31/2025,74.74,73.76,74.81,73.18,23.45K,1.51%
3/28/2025,73.63,74.03,74.2,73.22,92.71K,-0.54%
3/27/2025,74.03,73.9,74.07,73.23,113.71K,0.33%
3/26/2025,73.79,73.27,74.17,73.09,185.49K,1.05%
3/25/2025,73.02,73.08,73.57,72.5,224.65K,0.90%
3/24/2025,72.37,71.7,72.57,71.26,329.03K,1.06%
3/21/2025,71.61,71.8,71.97,71.01,303.43K,0.20%
3/20/2025,71.47,70.49,71.76,70.1,364.36K,1.64%
3/19/2025,70.32,70.05,70.77,69.51,253.48K,0.29%
3/18/2025,70.12,70.44,71.68,69.85,315.81K,-0.68%
3/17/2025,70.6,70.18,71.27,70.17,224.67K,0.03%
3/14/2025,70.58,70.16,70.75,69.93,238.55K,1.00%
3/13/2025,69.88,70.95,71.25,69.66,331.69K,-1.51%
3/12/2025,70.95,69.95,71.1,69.48,273.31K,2.00%
3/11/2025,69.56,69.05,70.44,68.63,282.86K,0.40%
3/10/2025,69.28,70.49,70.88,69.05,275.18K,-1.53%
3/7/2025,70.36,69.43,71.4,69.3,395.50K,1.30%
3/6/2025,69.46,69.43,69.9,68.74,409.42K,0.23%
3/5/2025,69.3,71.02,71.18,68.33,473.00K,-2.45%
3/4/2025,71.04,71.3,71.36,69.75,505.15K,-0.81%
3/3/2025,71.62,73.04,73.67,71.17,413.71K,-2.13%
2/28/2025,73.18,73.72,73.84,72.97,16.15K,-1.16%
2/27/2025,74.04,72.7,74.26,72.49,78.87K,2.08%
2/26/2025,72.53,73.16,73.34,72.39,126.28K,-0.67%
2/25/2025,73.02,74.74,75.26,72.7,188.29K,-1.74%
2/24/2025,74.31,73.76,74.5,73.71,263.74K,0.35%
2/21/2025,74.05,76.21,76.32,73.8,325.12K,-2.63%
2/20/2025,76.05,75.68,76.71,75.36,309.86K,0.50%
2/19/2025,75.67,75.44,76.4,75.38,250.06K,0.32%
2/18/2025,75.43,74.95,75.67,74.59,285.65K,0.67%
2/17/2025,74.93,74.36,75.07,73.91,189.58K,0.25%
2/14/2025,74.74,75,75.85,74.53,302.06K,-0.37%
2/13/2025,75.02,74.97,75.37,74.06,331.42K,-0.21%
2/12/2025,75.18,76.82,76.91,74.92,371.41K,-2.36%
2/11/2025,77,75.94,77.29,75.9,349.47K,1.49%
2/10/2025,75.87,74.59,76.23,74.51,271.70K,1.62%
2/7/2025,74.66,74.31,75.12,74.26,290.58K,0.50%
2/6/2025,74.29,74.71,75.4,74.1,378.11K,-0.43%
2/5/2025,74.61,76.21,76.34,74.56,343.53K,-2.09%
2/4/2025,76.2,75.4,76.66,74.15,576.12K,0.32%
2/3/2025,75.96,76.79,77.34,75.04,548.33K,-1.04%
1/31/2025,76.76,77.25,77.51,76.48,17.83K,-0.14%
1/30/2025,76.87,76.77,77.63,76,84.79K,0.38%
1/29/2025,76.58,77.62,77.7,76.31,104.85K,-1.17%
1/28/2025,77.49,77.01,78.18,76.85,215.56K,0.53%
1/27/2025,77.08,78.34,79,76.3,247.12K,-0.61%
1/24/2025,77.55,77.17,78.08,76.92,380.75K,-0.01%
1/23/2025,77.56,78.01,78.8,77.12,379.04K,-0.75%
1/22/2025,78.15,78.47,78.91,77.95,347.64K,-0.32%
1/21/2025,78.4,78.78,79.37,77.66,382.47K,-0.88%
1/20/2025,79.1,79.72,79.99,78.43,276.32K,-2.09%
1/17/2025,80.79,81.44,81.93,80.5,309.20K,-0.62%
1/16/2025,81.29,82.42,82.57,80.39,453.67K,-0.90%
1/15/2025,82.03,80.29,82.63,79.62,484.58K,2.64%
1/14/2025,79.92,80.92,81.15,79.87,445.38K,-1.35%
1/13/2025,81.01,79.76,81.68,79.76,610.62K,1.57%
1/10/2025,79.76,77.26,80.75,77.03,762.62K,3.69%
1/9/2025,76.92,76.18,77.27,75.68,302.92K,1.00%
1/8/2025,76.16,77.3,77.89,76.04,442.51K,-1.16%
1/7/2025,77.05,76.18,77.3,75.91,368.63K,0.98%
1/6/2025,76.3,76.58,77.5,75.94,372.57K,-0.27%
1/3/2025,76.51,75.98,76.73,75.53,314.61K,0.76%
1/2/2025,75.93,74.93,76.55,74.72,365.43K,1.73%
12/31/2024,74.64,74.25,74.89,73.84,190.98K,0.34%
12/30/2024,74.39,73.81,74.63,73.8,23.42K,0.30%
12/27/2024,74.17,73.16,74.29,73.05,82.60K,1.24%
12/26/2024,73.26,73.77,74.17,72.99,54.05K,-0.43%
12/24/2024,73.58,72.96,73.81,72.79,93.49K,1.31%
12/23/2024,72.63,72.86,73.38,71.98,184.07K,-0.43%
12/20/2024,72.94,72.57,73.29,72,240.71K,0.08%
12/19/2024,72.88,72.91,73.86,72.53,302.55K,-0.69%
12/18/2024,73.39,73.26,74.2,72.8,285.30K,0.27%
12/17/2024,73.19,73.91,74.18,72.48,270.25K,-0.97%
12/16/2024,73.91,74.6,74.6,73.7,234.42K,-0.78%
12/13/2024,74.49,73.33,74.59,73.3,246.40K,1.47%
12/12/2024,73.41,73.6,74,72.42,324.25K,-0.15%
12/11/2024,73.52,72.15,73.75,72.15,308.96K,1.84%
12/10/2024,72.19,71.94,72.72,71.53,265.90K,0.07%
12/9/2024,72.14,70.92,72.65,70.92,231.21K,1.43%
12/6/2024,71.12,72.12,72.19,70.85,290.06K,-1.35%
12/5/2024,72.09,72.52,72.92,71.8,318.76K,-0.30%
12/4/2024,72.31,73.62,74.28,72.25,340.35K,-1.78%
12/3/2024,73.62,71.93,73.93,71.68,365.42K,2.49%
12/2/2024,71.83,72,72.89,71.52,289.49K,-1.52%
11/29/2024,72.94,73.11,73.47,72.56,23.33K,-0.46%
11/28/2024,73.28,72.87,73.49,72.38,49.82K,0.62%
11/27/2024,72.83,72.88,73.37,72.27,106.53K,0.03%
11/26/2024,72.81,72.85,74.36,72.09,200.70K,-0.27%
11/25/2024,73.01,75.38,75.38,72.84,282.16K,-2.87%
11/22/2024,75.17,74.29,75.41,73.43,298.30K,1.27%
11/21/2024,74.23,73.1,74.4,72.91,307.87K,1.95%
11/20/2024,72.81,73.38,73.94,72.7,260.51K,-0.68%
11/19/2024,73.31,73.15,73.87,72.61,354.13K,0.01%
11/18/2024,73.3,70.8,73.47,70.7,333.85K,3.18%
11/15/2024,71.04,72.28,72.49,70.83,307.47K,-2.09%
11/14/2024,72.56,72.12,73.22,71.79,264.41K,0.39%
11/13/2024,72.28,71.78,72.63,70.72,388.33K,0.54%
11/12/2024,71.89,71.97,72.82,71.55,317.34K,0.08%
11/11/2024,71.83,73.85,74.13,71.57,366.90K,-2.76%
11/8/2024,73.87,75.55,75.61,73.44,324.16K,-2.33%
11/7/2024,75.63,74.99,76.08,74.02,397.04K,0.95%
11/6/2024,74.92,75.3,75.98,73.34,467.56K,-0.81%
11/5/2024,75.53,75,76.24,74.9,296.48K,0.60%
11/4/2024,75.08,74,75.4,73.88,299.39K,2.71%
11/1/2024,73.1,74.11,74.94,72.89,336.96K,-0.08%
10/31/2024,73.16,72.85,73.38,72.2,14.27K,0.84%
10/30/2024,72.55,71.39,73.12,71.08,90.92K,2.01%
10/29/2024,71.12,72,72.6,70.72,108.89K,-0.42%
10/28/2024,71.42,72.77,73.28,71.18,317.18K,-6.09%
10/25/2024,76.05,74.66,76.14,74.17,209.78K,2.25%
10/24/2024,74.38,75.35,76.54,74,272.67K,-0.77%
10/23/2024,74.96,75.73,76.05,74.42,288.44K,-1.42%
10/22/2024,76.04,74.23,76.32,73.57,353.15K,2.36%
10/21/2024,74.29,73.11,74.57,72.8,279.25K,1.68%
10/18/2024,73.06,74.59,74.95,72.5,320.78K,-1.87%
10/17/2024,74.45,74.47,74.92,73.26,298.43K,0.31%
10/16/2024,74.22,74.71,74.93,73.42,323.37K,-0.04%
10/15/2024,74.25,75.22,75.57,73.34,491.23K,-4.14%
10/14/2024,77.46,78.55,78.55,74.86,343.07K,-2.00%
10/11/2024,79.04,79.14,79.5,78.04,365.34K,-0.45%
10/10/2024,79.4,76.76,79.72,76.72,400.89K,3.68%
10/9/2024,76.58,77.49,78.02,75.15,497.00K,-0.78%
10/8/2024,77.18,80.96,81.14,76.36,646.38K,-4.63%
10/7/2024,80.93,78.07,81.16,77.23,496.80K,3.69%
10/4/2024,78.05,77.79,79.3,77.39,562.05K,0.55%
10/3/2024,77.62,74.59,77.99,74.31,643.31K,5.03%
10/2/2024,73.9,74.47,76.14,73.59,541.74K,0.46%
10/1/2024,73.56,71.85,75.45,69.91,869.15K,2.49%
9/30/2024,71.77,72.5,73.17,71.26,19.52K,-0.29%
9/27/2024,71.98,71.42,72.45,70.91,99.35K,0.53%
9/26/2024,71.6,73.4,73.8,70.72,162.22K,-2.53%
9/25/2024,73.46,75.18,75.35,73.06,283.66K,-2.27%
9/24/2024,75.17,74.13,75.87,73.95,238.47K,1.72%
9/23/2024,73.9,74.71,75.17,73.1,273.95K,-0.79%
9/20/2024,74.49,74.77,75,74,221.09K,-0.52%
9/19/2024,74.88,73.13,75.18,72.91,299.01K,1.67%
9/18/2024,73.65,73.69,74.1,72.31,290.81K,-0.07%
9/17/2024,73.7,72.91,74.28,72.17,274.59K,1.31%
9/16/2024,72.75,72.09,73.39,71.52,232.18K,1.59%
9/13/2024,71.61,72.3,73.24,71.46,260.64K,-0.50%
9/12/2024,71.97,70.6,72.87,70.59,361.87K,1.93%
9/11/2024,70.61,69.68,71.09,69,354.35K,2.05%
9/10/2024,69.19,71.92,72.28,68.68,395.71K,-3.69%
9/9/2024,71.84,71.66,72.21,70.65,314.52K,1.10%
9/6/2024,71.06,72.81,73.53,70.61,374.05K,-2.24%
9/5/2024,72.69,72.76,74.2,72.37,394.47K,-0.01%
9/4/2024,72.7,73.67,74.8,72.35,523.50K,-1.42%
9/3/2024,73.75,77.16,77.55,73.51,568.05K,-4.86%
9/2/2024,77.52,76.95,77.63,76.21,181.37K,-1.62%
8/30/2024,78.8,79.92,80.6,78.57,17.11K,-1.43%
8/29/2024,79.94,78.52,80.78,78.12,97.64K,1.64%
8/28/2024,78.65,79.87,80.01,77.95,121.16K,-1.13%
8/27/2024,79.55,81.26,81.59,79.47,238.22K,-2.31%
8/26/2024,81.43,79.35,81.58,79.24,234.38K,3.05%
8/23/2024,79.02,77.25,79.27,77.03,216.34K,2.33%
8/22/2024,77.22,75.96,77.7,75.77,277.53K,1.54%
8/21/2024,76.05,77.13,78.21,75.65,323.32K,-1.49%
8/20/2024,77.2,77.66,78.35,76.55,367.14K,-0.59%
8/19/2024,77.66,79.6,79.81,77.48,366.54K,-2.54%
8/16/2024,79.68,80.86,81.02,78.62,320.91K,-1.68%
8/15/2024,81.04,79.96,81.43,79.61,270.93K,1.60%
8/14/2024,79.76,81,81.44,79.6,359.13K,-1.15%
8/13/2024,80.69,81.88,82.3,80.55,356.46K,-1.96%
8/12/2024,82.3,79.56,82.4,79.46,328.38K,3.31%
8/9/2024,79.66,79.03,79.83,78.77,213.07K,0.63%
8/8/2024,79.16,78.55,79.37,77.63,320.08K,1.06%
8/7/2024,78.33,76.16,78.87,75.95,444.74K,2.42%
8/6/2024,76.48,77.45,77.85,75.58,393.03K,0.24%
8/5/2024,76.3,77.61,77.74,75.05,557.81K,-0.66%
8/2/2024,76.81,79.98,80.46,76.42,501.31K,-3.41%
8/1/2024,79.52,81.44,81.8,79.43,364.93K,-1.49%
7/31/2024,80.72,79.02,80.95,79.02,12.09K,2.66%
7/30/2024,78.63,79.64,79.99,78.43,87.78K,-1.44%
7/29/2024,79.78,81.3,81.74,79.36,132.25K,-1.66%
7/26/2024,81.13,82.4,82.71,80.33,204.95K,-1.51%
7/25/2024,82.37,81.58,82.53,80.09,332.16K,0.81%
7/24/2024,81.71,81.46,82.23,80.93,298.20K,0.86%
7/23/2024,81.01,82.25,82.79,80.51,384.32K,-1.69%
7/22/2024,82.4,82.8,83.22,81.6,341.72K,-0.28%
7/19/2024,82.63,84.72,85.35,82.56,362.34K,-2.91%
7/18/2024,85.11,85.23,85.81,84.22,368.32K,0.04%
7/17/2024,85.08,83.66,85.2,83.43,325.40K,1.61%
7/16/2024,83.73,84.78,84.86,83.3,327.85K,-1.32%
7/15/2024,84.85,85.1,85.37,84.42,229.27K,-0.21%
7/12/2024,85.03,85.69,86.35,84.95,363.93K,-0.43%
7/11/2024,85.4,85.45,85.89,84.64,336.70K,0.38%
7/10/2024,85.08,84.92,85.66,84,401.56K,0.50%
7/9/2024,84.66,85.67,85.85,84.53,354.29K,-1.27%
7/8/2024,85.75,86.74,86.92,85.56,303.58K,-0.91%
7/5/2024,86.54,87.45,87.95,86.49,265.30K,-1.02%
7/4/2024,87.43,87.09,87.59,86.51,179.04K,0.10%
7/3/2024,87.34,86.44,87.39,85.89,334.82K,1.28%
7/2/2024,86.24,86.71,87.46,86.16,429.15K,-0.42%
7/1/2024,86.6,84.9,86.88,84.85,401.36K,0.22%
6/28/2024,86.41,86.56,87.22,86.24,20.94K,0.02%
6/27/2024,86.39,85.01,86.5,84.88,119.99K,1.34%
6/26/2024,85.25,84.89,85.81,84.47,142.86K,0.28%
6/25/2024,85.01,86.06,86.23,84.74,197.50K,-1.16%
6/24/2024,86.01,84.99,86.16,84.71,179.76K,0.90%
6/21/2024,85.24,85.66,86.24,84.84,240.12K,-0.55%
6/20/2024,85.71,85.19,85.96,84.95,256.46K,0.75%
6/19/2024,85.07,85.4,85.84,84.9,251.83K,-0.30%
6/18/2024,85.33,84.31,85.49,83.67,402.24K,1.28%
6/17/2024,84.25,82.61,84.55,82.1,359.72K,1.97%
6/14/2024,82.62,82.05,83.39,81.92,336.48K,-0.16%
6/13/2024,82.75,82.42,83.05,81.8,334.00K,0.18%
6/12/2024,82.6,82.08,83.34,81.96,333.39K,0.83%
6/11/2024,81.92,81.97,82.36,81.19,332.53K,0.36%
6/10/2024,81.63,79.38,82.17,79.34,344.71K,2.52%
6/7/2024,79.62,80.05,80.38,79.32,267.07K,-0.31%
6/6/2024,79.87,78.7,80.08,78.38,344.98K,1.86%
6/5/2024,78.41,77.29,78.66,77.18,339.35K,1.15%
6/4/2024,77.52,78.14,78.22,76.76,472.05K,-1.07%
6/3/2024,78.36,81.15,81.65,78.09,458.86K,-3.99%
5/31/2024,81.62,81.74,82.18,81.17,17.29K,-0.29%
5/30/2024,81.86,83.51,83.77,81.8,105.41K,-2.08%
5/29/2024,83.6,84.61,85.02,83.29,127.27K,-0.74%
5/28/2024,84.22,83,84.62,83,184.26K,1.35%
5/27/2024,83.1,82.2,83.2,82.08,56.71K,1.19%
5/24/2024,82.12,81.4,82.46,80.65,180.64K,0.93%
5/23/2024,81.36,81.59,82.97,80.93,322.41K,-0.66%
5/22/2024,81.9,82.58,82.63,81.57,347.60K,-1.18%
5/21/2024,82.88,83.75,83.76,82.04,388.56K,-0.99%
5/20/2024,83.71,83.98,84.49,83.11,299.83K,-0.32%
5/17/2024,83.98,83.43,84.04,83.08,277.18K,0.85%
5/16/2024,83.27,83.03,83.78,82.31,305.71K,0.63%
5/15/2024,82.75,82.76,83.07,81.05,385.98K,0.45%
5/14/2024,82.38,83.41,83.62,82.1,333.57K,-1.18%
5/13/2024,83.36,82.78,83.84,82.26,331.78K,0.69%
5/10/2024,82.79,84.21,84.53,82.7,311.45K,-1.30%
5/9/2024,83.88,83.79,84.33,83.45,309.45K,0.36%
5/8/2024,83.58,83.02,83.82,81.71,395.43K,0.51%
5/7/2024,83.16,83.72,83.88,82.41,365.21K,-0.20%
5/6/2024,83.33,82.99,83.83,82.77,222.39K,0.45%
5/3/2024,82.96,83.9,84.39,82.78,335.57K,-0.85%
5/2/2024,83.67,83.59,84.44,83.05,392.64K,0.28%
5/1/2024,83.44,85.8,85.89,83.29,482.83K,-5.03%
4/30/2024,87.86,88.41,88.79,87.46,14.19K,-0.61%
4/29/2024,88.4,89.22,89.29,88.11,99.95K,-1.23%
4/26/2024,89.5,89.23,89.83,88.78,113.70K,0.55%
4/25/2024,89.01,87.89,89.31,87.31,241.35K,1.12%
4/24/2024,88.02,88.45,88.86,87.65,241.64K,-0.45%
4/23/2024,88.42,87.2,88.51,86.03,341.78K,1.63%
4/22/2024,87,87.07,87.26,85.79,372.13K,-0.33%
4/19/2024,87.29,87.04,90.75,86.19,499.71K,0.21%
4/18/2024,87.11,87.42,87.8,86.09,433.24K,-0.21%
4/17/2024,87.29,90.11,90.17,87.13,462.93K,-3.03%
4/16/2024,90.02,90.43,90.84,89.41,323.52K,-0.09%
4/15/2024,90.1,90.95,91.05,88.73,410.36K,-0.39%
4/12/2024,90.45,90.13,92.18,90.01,401.22K,0.79%
4/11/2024,89.74,90.52,90.92,89.38,377.53K,-0.82%
4/10/2024,90.48,89.55,90.71,88.83,371.23K,1.19%
4/9/2024,89.42,90.63,90.94,89.25,346.43K,-1.06%
4/8/2024,90.38,90.09,91.1,88.78,392.34K,-0.87%
4/5/2024,91.17,91.21,91.91,90.57,390.78K,0.57%
4/4/2024,90.65,89.48,91.3,88.72,390.95K,1.45%
4/3/2024,89.35,89.22,89.99,88.67,367.37K,0.48%
4/2/2024,88.92,87.62,89.32,87.62,427.94K,1.72%
4/1/2024,87.42,86.98,87.98,86.4,274.96K,-0.07%
3/28/2024,87.48,86.41,87.52,86.3,18.69K,1.61%
3/27/2024,86.09,85.86,86.39,85.17,96.51K,-0.19%
3/26/2024,86.25,86.81,87.06,85.8,126.82K,-0.58%
3/25/2024,86.75,85.5,87.17,85.4,175.00K,1.55%
3/22/2024,85.43,85.66,86.15,85.11,168.35K,-0.41%
3/21/2024,85.78,86.24,86.64,85.06,271.87K,-0.20%
3/20/2024,85.95,87.15,87.35,85.59,386.30K,-1.64%
3/19/2024,87.38,86.94,87.7,86.48,367.42K,0.56%
3/18/2024,86.89,85.32,87.18,85.25,390.07K,1.82%
3/15/2024,85.34,85.15,85.55,84.6,287.01K,-0.09%
3/14/2024,85.42,84.04,85.69,83.98,383.73K,1.65%
3/13/2024,84.03,82.45,84.24,81.96,391.69K,2.58%
3/12/2024,81.92,82.45,83.01,81.69,320.25K,-0.35%
3/11/2024,82.21,82,82.75,81.08,347.33K,0.16%
3/8/2024,82.08,83.18,83.84,81.71,320.30K,-1.06%
3/7/2024,82.96,82.92,83.53,82.07,374.57K,0.00%
3/6/2024,82.96,82.01,84.05,81.85,372.05K,1.12%
3/5/2024,82.04,82.74,83.14,81.72,450.40K,-0.92%
3/4/2024,82.8,83.5,84.08,82.57,369.83K,-0.90%
3/1/2024,83.55,82.07,84.34,81.81,402.47K,-0.08%
2/29/2024,83.62,83.23,83.9,83.05,16.34K,-0.07%
2/28/2024,83.68,83.3,84.31,82.6,107.85K,0.04%
2/27/2024,83.65,82.64,83.7,82.1,79.81K,1.36%
2/26/2024,82.53,81.41,83.07,81,180.34K,1.11%
2/23/2024,81.62,83.39,83.48,81.43,226.40K,-2.45%
2/22/2024,83.67,83.2,83.96,82.33,275.28K,0.77%
2/21/2024,83.03,82.5,83.17,81.66,305.18K,0.84%
2/20/2024,82.34,83.24,83.63,82.05,297.03K,-1.46%
2/19/2024,83.56,83.28,83.6,82.55,185.06K,0.11%
2/16/2024,83.47,82.79,83.66,81.89,337.06K,0.74%
2/15/2024,82.86,81.42,83.25,80.72,330.45K,1.54%
2/14/2024,81.6,82.6,83.6,81.39,344.36K,-1.41%
2/13/2024,82.77,82,83.24,81.96,331.80K,0.94%
2/12/2024,82,81.94,82.19,80.77,246.24K,-0.23%
2/9/2024,82.19,81.72,82.45,81.21,315.32K,0.69%
2/8/2024,81.63,79.3,81.9,79.03,436.50K,3.06%
2/7/2024,79.21,78.7,79.5,78.49,291.68K,0.79%
2/6/2024,78.59,77.95,79.08,77.63,305.61K,0.77%
2/5/2024,77.99,77.9,78.33,76.62,293.37K,0.85%
2/2/2024,77.33,79.15,79.44,76.85,411.75K,-1.74%
2/1/2024,78.7,80.57,81.55,78.57,525.77K,-3.68%
1/31/2024,81.71,82.94,82.94,81.59,14.38K,-1.40%
1/30/2024,82.87,82.62,83.3,81.34,89.31K,0.57%
1/29/2024,82.4,84.13,84.8,82.03,129.91K,-1.38%
1/26/2024,83.55,82.44,83.81,81.31,240.25K,1.36%
1/25/2024,82.43,80.31,82.57,80.06,248.18K,2.99%
1/24/2024,80.04,79.56,80.73,79.05,230.75K,0.62%
1/23/2024,79.55,79.92,80.43,78.7,331.10K,-0.64%
1/22/2024,80.06,78.89,80.55,77.81,319.71K,1.91%
1/19/2024,78.56,79.1,79.73,78.32,282.31K,-0.68%
1/18/2024,79.1,78.15,79.3,77.33,325.29K,1.57%
1/17/2024,77.88,77.77,78.19,76.5,355.40K,-0.52%
1/16/2024,78.29,78.43,79.4,77.6,298.55K,0.18%
1/15/2024,78.15,78.14,78.9,76.85,177.69K,-0.18%
1/12/2024,78.29,78.75,80.75,77.96,401.34K,1.14%
1/11/2024,77.41,76.7,79.1,76.66,396.77K,0.79%
1/10/2024,76.8,77.48,78.73,76.38,353.70K,-1.02%
1/9/2024,77.59,76.3,78.19,75.95,346.79K,1.93%
1/8/2024,76.12,78.7,78.95,75.26,342.63K,-3.35%
1/5/2024,78.76,77.71,79.26,77.66,291.00K,1.51%
1/4/2024,77.59,78.56,79.41,76.5,356.65K,-0.84%
1/3/2024,78.25,76.06,78.67,74.79,361.77K,3.11%
1/2/2024,75.89,77.39,79.06,75.6,338.35K,-1.49%
12/29/2023,77.04,77.38,77.98,76.73,192.95K,-1.72%
12/28/2023,78.39,79.8,79.95,78.25,18.78K,-1.58%
12/27/2023,79.65,80.79,81.33,79.29,70.39K,-1.75%
12/26/2023,81.07,79.04,81.72,78.76,59.74K,2.53%
12/22/2023,79.07,79.35,80.37,78.88,119.19K,-0.40%
12/21/2023,79.39,79,80.13,77.81,193.32K,-0.39%
12/20/2023,79.7,79.17,80.6,79.07,241.81K,0.59%
12/19/2023,79.23,78.06,79.67,77.41,214.68K,1.64%
12/18/2023,77.95,76.8,79.51,75.76,279.47K,1.83%
12/15/2023,76.55,76.66,77.23,75.29,223.09K,-0.08%
12/14/2023,76.61,74.76,77.35,74.44,257.52K,3.16%
12/13/2023,74.26,73.26,74.7,72.29,260.18K,1.39%
12/12/2023,73.24,76.17,76.66,72.86,310.09K,-3.67%
12/11/2023,76.03,75.73,76.5,75.01,212.76K,0.25%
12/8/2023,75.84,74.59,76.36,74.2,228.45K,2.42%
12/7/2023,74.05,74.5,75.48,73.6,297.94K,-0.34%
12/6/2023,74.3,77.12,77.65,74.11,385.40K,-3.76%
12/5/2023,77.2,78.1,79.09,77,352.89K,-1.06%
12/4/2023,78.03,79.5,79.72,77.52,388.38K,-1.08%
12/1/2023,78.88,80.67,81.54,78.75,350.25K,-4.77%
11/30/2023,82.83,82.78,84.75,82.58,15.08K,-0.32%
11/29/2023,83.1,81.91,83.25,80.96,98.24K,1.74%
11/28/2023,81.68,80.19,82.16,79.8,112.50K,2.13%
11/27/2023,79.98,80.4,81.17,79.13,157.36K,-0.74%
11/24/2023,80.58,81.4,82.2,80.13,114.14K,-1.03%
11/23/2023,81.42,81.6,81.63,80.19,108.32K,-0.66%
11/22/2023,81.96,82.47,82.65,78.41,367.18K,-0.59%
11/21/2023,82.45,82.13,82.54,81.43,238.51K,0.16%
11/20/2023,82.32,80.3,82.94,79.58,248.33K,2.12%
11/17/2023,80.61,77.55,80.81,77.28,340.03K,4.12%
11/16/2023,77.42,80.98,81.17,76.6,441.64K,-4.63%
11/15/2023,81.18,82.39,83.04,80.79,299.42K,-1.56%
11/14/2023,82.47,82.71,83.97,82.06,248.94K,-0.06%
11/13/2023,82.52,81.43,82.84,80.41,243.30K,1.34%
11/10/2023,81.43,79.85,82.06,79.79,249.55K,1.77%
11/9/2023,80.01,79.7,81.48,79.44,306.11K,0.59%
11/8/2023,79.54,81.4,81.96,79.2,420.70K,-2.54%
11/7/2023,81.61,85.15,85.19,81.4,402.76K,-4.19%
11/6/2023,85.18,85.55,86.46,84.88,239.23K,0.34%
11/3/2023,84.89,86.92,87.8,84.56,354.85K,-2.26%
11/2/2023,86.85,85,87.05,84.64,301.87K,2.62%
11/1/2023,84.63,85.45,87.24,84.58,321.66K,-3.18%
10/31/2023,87.41,87.9,88.61,87.4,13.68K,-0.05%
10/30/2023,87.45,90.07,90.15,87.2,99.04K,-3.35%
10/27/2023,90.48,88.4,90.75,87.83,109.14K,2.90%
10/26/2023,87.93,89.92,90.4,87.53,198.64K,-2.44%
10/25/2023,90.13,88.04,90.35,86.68,290.91K,2.34%
10/24/2023,88.07,90.47,90.68,87.35,304.12K,-1.96%
10/23/2023,89.83,92.11,92.45,89.62,282.44K,-2.53%
10/20/2023,92.16,93.23,93.79,91.66,272.72K,-0.24%
10/19/2023,92.38,91.35,93.48,89.57,309.00K,0.96%
10/18/2023,91.5,91.25,93,90.6,348.19K,1.78%
10/17/2023,89.9,89.91,91,88.88,252.83K,0.28%
10/16/2023,89.65,90.98,91.39,89.5,283.25K,-1.36%
10/13/2023,90.89,86.35,91,86.28,424.71K,5.69%
10/12/2023,86,85.53,87.64,85.18,370.44K,0.21%
10/11/2023,85.82,87.72,88.26,85.21,402.31K,-2.09%
10/10/2023,87.65,88.17,88.49,86.91,352.11K,-0.57%
10/9/2023,88.15,86.45,89,86,412.76K,4.22%
10/6/2023,84.58,84.49,84.95,83.44,424.46K,0.61%
10/5/2023,84.07,85.88,86.52,83.84,510.68K,-2.03%
10/4/2023,85.81,91.04,91.21,85.75,525.56K,-5.62%
10/3/2023,90.92,90.4,91.56,89.5,437.64K,0.23%
10/2/2023,90.71,92.18,93.33,90.35,423.48K,-4.83%
9/29/2023,95.31,95.07,96.26,94.9,12.84K,-0.07%
9/28/2023,95.38,96.74,97.69,94.76,91.45K,-1.21%
9/27/2023,96.55,94.12,97.06,94.1,146.72K,2.76%
9/26/2023,93.96,93.28,94.21,91.8,169.45K,0.72%
9/25/2023,93.29,93.75,94.25,92.54,177.62K,0.02%
9/22/2023,93.27,93.37,94.64,92.8,240.04K,-0.03%
9/21/2023,93.3,93.08,94.6,92.2,314.69K,-0.25%
9/20/2023,93.53,94.49,94.72,92.76,330.59K,-0.86%
9/19/2023,94.34,94.66,95.96,94.16,403.40K,-0.10%
9/18/2023,94.43,94.28,94.95,93.79,337.78K,0.53%
9/15/2023,93.93,94.02,94.63,92.67,316.90K,0.25%
9/14/2023,93.7,92.04,94.21,92.02,310.00K,1.98%
9/13/2023,91.88,92.04,92.84,91.63,302.75K,-0.20%
9/12/2023,92.06,90.62,92.4,90.52,336.57K,1.57%
9/11/2023,90.64,90.83,91.45,90.11,303.42K,-0.01%
9/8/2023,90.65,89.79,91.02,89.3,298.14K,0.81%
9/7/2023,89.92,90.81,90.89,89.46,213.02K,-0.75%
9/6/2023,90.6,90.12,91.1,89.25,282.91K,0.62%
9/5/2023,90.04,88.91,91.15,88.06,428.45K,1.17%
9/4/2023,89,88.95,89.22,88.26,140.67K,0.51%
9/1/2023,88.55,86.82,88.99,86.74,380.76K,1.95%
8/31/2023,86.86,86,86.94,85.74,11.27K,1.16%
8/30/2023,85.86,85.62,86.23,85.11,86.74K,0.43%
8/29/2023,85.49,84.39,85.65,83.8,115.36K,1.27%
8/28/2023,84.42,84.87,85.23,84.11,88.35K,-0.07%
8/25/2023,84.48,83.26,84.97,82.67,230.35K,1.34%
8/24/2023,83.36,82.95,83.62,81.97,253.84K,0.18%
8/23/2023,83.21,83.99,84.26,81.94,361.61K,-0.98%
8/22/2023,84.03,84.46,84.66,83.85,287.35K,-0.51%
8/21/2023,84.46,84.8,85.86,84.31,289.24K,-0.40%
8/18/2023,84.8,83.88,85.08,83.33,287.97K,0.81%
8/17/2023,84.12,83.2,84.88,83.05,305.58K,0.80%
8/16/2023,83.45,85.2,85.36,83.13,334.45K,-1.70%
8/15/2023,84.89,86.12,86.68,84.29,305.41K,-1.53%
8/14/2023,86.21,86.53,86.71,85.5,267.09K,-0.69%
8/11/2023,86.81,86.37,87.35,85.84,318.06K,0.47%
8/10/2023,86.4,87.39,88.1,86.2,337.57K,-1.31%
8/9/2023,87.55,86,87.65,85.91,388.30K,1.60%
8/8/2023,86.17,85.79,86.34,83.32,375.87K,0.97%
8/7/2023,85.34,86.23,86.73,85.03,259.62K,-1.04%
8/4/2023,86.24,85.31,86.65,85.06,268.75K,1.29%
8/3/2023,85.14,83.46,85.41,82.36,392.61K,2.33%
8/2/2023,83.2,85.86,85.99,82.74,399.19K,-2.01%
8/1/2023,84.91,85.24,85.91,84.21,297.77K,-0.76%
7/31/2023,85.56,84.95,85.8,84.4,16.53K,0.67%
7/28/2023,84.99,83.71,85.09,83.22,102.84K,0.89%
7/27/2023,84.24,82.93,84.5,82.93,110.65K,1.59%
7/26/2023,82.92,83.19,83.85,82.58,173.82K,-0.86%
7/25/2023,83.64,82.85,83.87,82.22,234.66K,1.09%
7/24/2023,82.74,80.95,83.16,80.42,295.10K,2.06%
7/21/2023,81.07,79.78,81.24,79.65,294.35K,1.80%
7/20/2023,79.64,79.33,80.27,78.66,236.41K,0.23%
7/19/2023,79.46,79.84,80.93,79.17,311.44K,-0.21%
7/18/2023,79.63,78.52,79.99,78.19,366.47K,1.44%
7/17/2023,78.5,79.36,80.64,78.25,341.16K,-1.72%
7/14/2023,79.87,81.64,81.7,79.53,311.23K,-1.83%
7/13/2023,81.36,80.19,81.75,79.88,416.12K,1.56%
7/12/2023,80.11,79.32,80.55,79.21,362.33K,0.89%
7/11/2023,79.4,77.82,79.5,77.63,333.84K,2.20%
7/10/2023,77.69,78.6,78.77,77.36,288.40K,-0.99%
7/7/2023,78.47,76.52,78.54,76.03,331.53K,2.55%
7/6/2023,76.52,76.7,77.09,75.03,333.88K,-0.17%
7/5/2023,76.65,76.03,76.95,75.3,293.74K,0.52%
7/4/2023,76.25,74.89,76.29,74.74,157.96K,2.14%
7/3/2023,74.65,75.11,76.6,74.56,328.00K,-0.33%
6/30/2023,74.9,74.22,75.4,74.21,14.70K,0.75%
6/29/2023,74.34,73.72,74.98,73.39,72.87K,0.42%
6/28/2023,74.03,72.62,74.2,71.57,91.45K,2.45%
6/27/2023,72.26,74.28,74.9,72.08,161.15K,-2.59%
6/26/2023,74.18,74.5,74.85,73.42,150.17K,0.45%
6/23/2023,73.85,74.02,74.44,72.11,169.54K,-0.39%
6/22/2023,74.14,77.03,77.2,73.59,329.53K,-3.86%
6/21/2023,77.12,75.54,77.24,75.52,236.55K,1.61%
6/20/2023,75.9,76.12,77.15,74.51,276.38K,-0.25%
6/19/2023,76.09,76.4,76.93,75.34,141.42K,-0.68%
6/16/2023,76.61,75.64,76.74,75.08,256.25K,1.24%
6/15/2023,75.67,73.41,75.97,72.91,260.41K,3.37%
6/14/2023,73.2,74.05,75.49,73.03,318.37K,-1.47%
6/13/2023,74.29,72.11,74.66,71.94,321.15K,3.41%
6/12/2023,71.84,74.87,74.87,71.58,358.50K,-3.94%
6/9/2023,74.79,75.53,76.57,74.71,260.20K,-1.54%
6/8/2023,75.96,76.8,77.68,73.58,393.89K,-1.29%
6/7/2023,76.95,76.22,77.64,75.51,325.63K,0.87%
6/6/2023,76.29,76.55,76.75,74.72,304.58K,-0.55%
6/5/2023,76.71,77.68,78.73,76.31,384.00K,0.76%
6/2/2023,76.13,74.28,76.5,74.18,273.54K,2.49%
6/1/2023,74.28,72.15,75.25,72.03,349.92K,2.23%
5/31/2023,72.66,73.6,73.81,71.39,20.11K,-1.20%
5/30/2023,73.54,76.98,77.57,73.2,112.18K,-4.58%
5/29/2023,77.07,77.39,77.75,76.15,31.55K,0.16%
5/26/2023,76.95,76.09,77.35,75.73,150.62K,0.90%
5/25/2023,76.26,78.22,78.5,75.1,237.72K,-2.68%
5/24/2023,78.36,77.7,78.66,77.03,285.99K,1.98%
5/23/2023,76.84,76.15,77.74,75.65,287.23K,1.12%
5/22/2023,75.99,75.63,76.46,74.55,241.96K,0.54%
5/19/2023,75.58,76.03,77.5,75.12,240.53K,-0.37%
5/18/2023,75.86,76.78,76.99,75.5,232.00K,-1.43%
5/17/2023,76.96,74.67,77.31,74.1,297.06K,2.74%
5/16/2023,74.91,75.55,75.95,74.5,216.20K,-0.43%
5/15/2023,75.23,74.15,75.75,73.49,240.52K,1.43%
5/12/2023,74.17,75.35,75.85,74.03,259.22K,-1.08%
5/11/2023,74.98,76.62,77.41,74.61,345.16K,-1.87%
5/10/2023,76.41,77.36,77.6,75.68,311.37K,-1.33%
5/9/2023,77.44,76.71,77.5,75.07,283.41K,0.56%
5/8/2023,77.01,75.23,77.43,74.95,185.75K,2.27%
5/5/2023,75.3,72.69,75.75,72.41,265.07K,3.86%
5/4/2023,72.5,71.28,73.72,71.28,362.23K,0.24%
5/3/2023,72.33,75.31,75.58,71.7,469.62K,-3.97%
5/2/2023,75.32,79.28,79.78,75.07,383.59K,-5.03%
5/1/2023,79.31,80.11,80.24,78.13,146.56K,-0.29%
4/28/2023,79.54,78.25,79.61,77.69,13.30K,1.49%
4/27/2023,78.37,77.77,78.61,77.39,104.39K,0.88%
4/26/2023,77.69,80.92,81.47,77.46,172.82K,-3.81%
4/25/2023,80.77,82.59,83.06,80.35,209.28K,-2.37%
4/24/2023,82.73,81.87,82.99,80.48,197.90K,1.31%
4/21/2023,81.66,80.79,82.05,80.45,196.85K,0.69%
4/20/2023,81.1,82.75,82.92,80.77,302.90K,-2.43%
4/19/2023,83.12,84.9,85.15,82.39,333.22K,-1.95%
4/18/2023,84.77,84.74,85.41,83.81,315.70K,0.01%
4/17/2023,84.76,86.43,86.52,84.34,261.81K,-1.80%
4/14/2023,86.31,86.18,86.87,85.53,262.58K,0.26%
4/13/2023,86.09,87.19,87.47,86.05,291.94K,-1.42%
4/12/2023,87.33,85.59,87.49,85.39,347.80K,2.01%
4/11/2023,85.61,84.24,85.67,83.75,262.67K,1.70%
4/10/2023,84.18,85.1,85.66,84.09,140.53K,-1.10%
4/6/2023,85.12,84.89,85.45,84.05,259.62K,0.15%
4/5/2023,84.99,85.22,85.54,84.01,246.48K,0.06%
4/4/2023,84.94,84.89,86.04,83.82,308.53K,0.01%
4/3/2023,84.93,86,86.44,83.5,478.31K,6.47%
3/31/2023,79.77,79.19,79.8,78.54,6.85K,0.63%
3/30/2023,79.27,78.23,79.55,77.86,62.92K,1.26%
3/29/2023,78.28,78.97,79.68,77.94,79.54K,-0.47%
3/28/2023,78.65,78.23,79.2,77.54,145.68K,0.68%
3/27/2023,78.12,75,78.42,74.8,146.95K,4.17%
3/24/2023,74.99,75.53,76.32,72.68,156.31K,-1.21%
3/23/2023,75.91,75.87,77.44,75.12,199.64K,-1.02%
3/22/2023,76.69,75.15,77.12,74.5,194.04K,1.82%
3/21/2023,75.32,73.64,75.42,72.82,226.84K,2.07%
3/20/2023,73.79,73.01,73.87,70.12,282.57K,1.12%
3/17/2023,72.97,74.7,75.92,71.4,427.49K,-2.32%
3/16/2023,74.7,74.3,75.54,71.86,332.59K,1.37%
3/15/2023,73.69,77.82,78.73,71.67,547.56K,-4.85%
3/14/2023,77.45,80.54,80.92,76.89,357.86K,-4.11%
3/13/2023,80.77,82.6,83.48,78.34,467.28K,-2.43%
3/10/2023,82.78,81.47,83.11,80.73,369.28K,1.46%
3/9/2023,81.59,82.55,84,81.42,282.56K,-1.29%
3/8/2023,82.66,83.03,83.59,82.06,297.09K,-0.76%
3/7/2023,83.29,86.23,86.75,82.83,295.19K,-3.35%
3/6/2023,86.18,85.83,86.35,84.34,244.34K,0.41%
3/3/2023,85.83,84.61,86,82.36,312.90K,1.27%
3/2/2023,84.75,84.31,85.1,83.83,214.22K,0.52%
3/1/2023,84.31,83.05,84.49,82.61,242.66K,0.50%
2/28/2023,83.89,82.3,84.15,82.19,12.30K,1.75%
2/27/2023,82.45,83.19,83.6,81.73,58.85K,-0.85%
2/24/2023,83.16,82.49,83.39,81.07,107.15K,1.16%
2/23/2023,82.21,80.48,82.77,80.4,157.67K,2.00%
2/22/2023,80.6,82.78,83.25,80.43,253.14K,-2.95%
2/21/2023,83.05,83.86,84.2,82.56,231.63K,-1.21%
2/20/2023,84.07,83.15,84.3,82.73,143.85K,1.29%
2/17/2023,83,84.6,84.87,81.8,303.66K,-2.51%
2/16/2023,85.14,85.27,86.21,84.6,197.02K,-0.28%
2/15/2023,85.38,85.2,85.85,83.88,245.98K,-0.23%
2/14/2023,85.58,85.83,86.42,84.13,231.63K,-1.19%
2/13/2023,86.61,86.51,86.95,85.1,207.62K,0.25%
2/10/2023,86.39,84.22,86.9,83.93,297.34K,2.24%
2/9/2023,84.5,84.96,85.5,83.05,260.73K,-0.69%
2/8/2023,85.09,84.11,85.15,83.51,254.14K,1.67%
2/7/2023,83.69,81.26,84.13,81.19,290.98K,3.33%
2/6/2023,80.99,79.61,81.43,79.1,325.21K,1.31%
2/3/2023,79.94,82.27,84.2,79.62,330.32K,-2.71%
2/2/2023,82.17,83.34,83.61,81.25,287.09K,-0.81%
2/1/2023,82.84,85.56,86.21,82.37,348.66K,-1.95%
1/31/2023,84.49,85.18,85.25,83.73,11.89K,-0.48%
1/30/2023,84.9,86.88,87.48,84.66,65.55K,-2.03%
1/27/2023,86.66,87.65,88.95,85.69,107.08K,-0.93%
1/26/2023,87.47,86.35,88.01,85.74,139.10K,1.57%
1/25/2023,86.12,86.28,87,85.41,159.47K,-0.01%
1/24/2023,86.13,88.07,88.71,85.8,207.75K,-2.34%
1/23/2023,88.19,87.7,89.09,86.92,192.41K,0.64%
1/20/2023,87.63,86.42,87.79,85.58,212.92K,1.71%
1/19/2023,86.16,84.34,86.85,83.76,250.96K,1.39%
1/18/2023,84.98,86.45,87.85,84.36,288.15K,-1.09%
1/17/2023,85.92,84.2,86.82,84.04,238.30K,1.73%
1/16/2023,84.46,85.36,85.59,83.83,125.96K,-0.96%
1/13/2023,85.28,83.91,85.5,83.5,217.40K,1.49%
1/12/2023,84.03,82.88,84.62,82.37,264.07K,1.65%
1/11/2023,82.67,79.52,83,79.31,273.79K,3.21%
1/10/2023,80.1,79.54,80.89,78.81,244.35K,0.56%
1/9/2023,79.65,78.42,81.37,78.42,245.12K,1.37%
1/6/2023,78.57,78.8,80.59,78.05,215.42K,-0.15%
1/5/2023,78.69,78.16,79.97,77.61,259.58K,1.09%
1/4/2023,77.84,82.31,82.72,77.72,319.31K,-5.19%
1/3/2023,82.1,85.96,87,81.78,302.86K,-4.43%
12/30/2022,85.91,83.71,86,82.88,168.65K,4.44%
12/29/2022,82.26,82.88,83.14,81.28,10.99K,-1.20%
12/28/2022,83.26,84.6,84.76,81.92,57.56K,-1.27%
12/27/2022,84.33,84.5,85.6,83.65,62.00K,0.49%
12/23/2022,83.92,81.69,84.12,81.29,82.36K,3.63%
12/22/2022,80.98,82.52,83.85,80.67,166.01K,-1.48%
12/21/2022,82.2,79.94,82.52,79.55,148.44K,2.76%
12/20/2022,79.99,80.25,80.89,78.28,183.95K,0.24%
12/19/2022,79.8,79.21,80.87,78.6,174.24K,0.96%
12/16/2022,79.04,81.32,81.78,78.29,243.49K,-2.67%
12/15/2022,81.21,82.76,83.18,80.83,194.97K,-1.80%
12/14/2022,82.7,80.35,83.15,80.11,209.83K,2.50%
12/13/2022,80.68,78.13,81.28,78.1,243.82K,3.45%
12/12/2022,77.99,76.88,78.59,75.26,213.07K,2.48%
12/9/2022,76.1,76.63,77.48,75.11,216.50K,-0.07%
12/8/2022,76.15,77.46,79.17,75.74,259.02K,-1.32%
12/7/2022,77.17,79.76,80.49,76.91,279.37K,-2.75%
12/6/2022,79.35,83.28,83.69,78.7,309.55K,-4.03%
12/5/2022,82.68,85.73,88.44,82.52,252.90K,-3.38%
12/2/2022,85.57,86.9,87.91,85.16,198.73K,-1.51%
12/1/2022,86.88,86.78,89.37,86.26,229.13K,1.70%
11/30/2022,85.43,83.77,85.67,83.61,9.05K,2.89%
11/29/2022,83.03,82.41,86,82.39,67.93K,-0.19%
11/28/2022,83.19,83.58,84.1,80.61,102.56K,-0.53%
11/25/2022,83.63,85.5,86.87,83.59,85.31K,-2.00%
11/24/2022,85.34,85.04,85.54,83.9,75.61K,-0.08%
11/23/2022,85.41,88.47,89.56,84.12,212.14K,-3.34%
11/22/2022,88.36,87.76,89.9,87.35,190.85K,1.04%
11/21/2022,87.45,87.74,87.98,82.31,354.60K,-0.19%
11/18/2022,87.62,90.1,90.63,85.8,379.66K,-2.41%
11/17/2022,89.78,92.73,92.91,89.53,313.53K,-3.32%
11/16/2022,92.86,94.11,94.79,91.67,257.62K,-1.07%
11/15/2022,93.86,92.59,95.77,91.53,317.50K,0.77%
11/14/2022,93.14,95.87,96.95,92.5,248.25K,-2.97%
11/11/2022,95.99,93.84,96.92,93.69,238.07K,2.48%
11/10/2022,93.67,92.53,94.32,91.73,278.53K,1.10%
11/9/2022,92.65,95.17,95.65,92.33,308.02K,-2.84%
11/8/2022,95.36,98.24,98.3,95,251.67K,-2.61%
11/7/2022,97.92,97.31,99.56,96.5,241.94K,-0.66%
11/4/2022,98.57,94.58,98.81,94.33,307.09K,4.12%
11/3/2022,94.67,95.36,95.98,94.19,229.12K,-1.55%
11/2/2022,96.16,94.85,96.5,94.01,253.00K,1.60%
11/1/2022,94.65,92.67,95.55,92.33,247.65K,-0.19%
10/31/2022,94.83,96.47,96.47,94.25,15.00K,-0.98%
10/28/2022,95.77,96.58,96.89,94.96,89.94K,-1.23%
10/27/2022,96.96,96.05,97.27,95.07,84.57K,1.33%
10/26/2022,95.69,92.91,96.25,92.06,138.00K,2.32%
10/25/2022,93.52,93.47,94.38,91.62,165.51K,0.28%
10/24/2022,93.26,93.59,94.4,91.22,179.20K,-0.26%
10/21/2022,93.5,92.45,93.8,91,203.28K,1.21%
10/20/2022,92.38,92.4,94.77,91.91,237.54K,-0.03%
10/19/2022,92.41,90.79,92.85,89.32,272.35K,2.64%
10/18/2022,90.03,91.99,92.66,88.77,320.42K,-1.74%
10/17/2022,91.62,91.71,93.21,90.83,203.80K,-0.01%
10/14/2022,91.63,94.53,95.11,91.28,210.77K,-3.11%
10/13/2022,94.57,92.49,94.92,91.08,280.52K,2.29%
10/12/2022,92.45,93.72,95.17,91.56,257.66K,-1.95%
10/11/2022,94.29,95.93,96.46,93.11,259.03K,-1.98%
10/10/2022,96.19,98.75,98.75,95.6,215.37K,-1.77%
10/7/2022,97.92,94.71,98.58,93.94,269.40K,3.71%
10/6/2022,94.42,93.71,94.98,92.72,207.53K,1.12%
10/5/2022,93.37,91.89,93.96,90.76,296.20K,1.71%
10/4/2022,91.8,88.81,92.4,88.78,282.38K,3.31%
10/3/2022,88.86,86.35,89.82,86.35,270.69K,1.02%
9/30/2022,87.96,88.53,89.8,87.69,5.89K,-0.60%
9/29/2022,88.49,88.97,90.12,87.33,57.86K,-0.93%
9/28/2022,89.32,86.14,89.47,84.26,74.33K,3.54%
9/27/2022,86.27,84.05,87.15,84.01,104.09K,2.63%
9/26/2022,84.06,86.62,87.65,83.65,119.60K,-2.43%
9/23/2022,86.15,90.46,90.84,85.5,180.10K,-4.76%
9/22/2022,90.46,89.99,92.81,89.3,170.28K,0.70%
9/21/2022,89.83,90.74,93.5,89.3,216.93K,-0.87%
9/20/2022,90.62,92.15,93.05,89.8,188.56K,-1.50%
9/19/2022,92,91.43,92.57,88.5,138.53K,0.71%
9/16/2022,91.35,90.51,92.66,90.25,197.48K,0.56%
9/15/2022,90.84,94.65,94.66,90.03,257.62K,-3.46%
9/14/2022,94.1,93.4,95.8,91.93,259.90K,1.00%
9/13/2022,93.17,94.31,95.53,91.05,275.17K,-0.88%
9/12/2022,94,92.54,95.17,91.21,210.43K,1.25%
9/9/2022,92.84,88.62,93.12,88.6,202.94K,4.14%
9/8/2022,89.15,87.7,89.83,87.24,208.66K,1.31%
9/7/2022,88,92.81,93.8,87.4,300.20K,-5.20%
9/6/2022,92.83,95.19,95.94,92.3,225.95K,-3.04%
9/5/2022,95.74,93.02,96.99,93.02,144.26K,2.92%
9/2/2022,93.02,92.66,95.32,92.65,210.00K,0.71%
9/1/2022,92.36,95.18,95.68,91.81,297.55K,-4.28%
8/31/2022,96.49,99.79,100.46,95.44,10.07K,-2.84%
8/30/2022,99.31,104.9,105.45,97.55,59.83K,-5.50%
8/29/2022,105.09,100.67,105.48,100.16,53.03K,4.06%
8/26/2022,100.99,99.83,101.21,98.1,130.63K,1.66%
8/25/2022,99.34,101.73,102.47,99.12,161.49K,-1.86%
8/24/2022,101.22,100.19,101.9,99.1,183.73K,1.00%
8/23/2022,100.22,96.78,100.45,96.53,210.63K,3.88%
8/22/2022,96.48,95.95,97.28,92.36,207.64K,-0.25%
8/19/2022,96.72,96.68,97.88,94.25,178.60K,0.13%
8/18/2022,96.59,93.29,97.42,93.05,208.55K,3.14%
8/17/2022,93.65,92.67,94.48,91.51,199.19K,1.42%
8/16/2022,92.34,94.01,95.95,91.71,217.75K,-2.90%
8/15/2022,95.1,97.72,98.17,92.78,217.57K,-3.11%
8/12/2022,98.15,99.33,100.38,96.94,188.13K,-1.46%
8/11/2022,99.6,97.04,100.17,96.63,219.42K,2.26%
8/10/2022,97.4,96.34,97.97,93.63,247.74K,1.13%
8/9/2022,96.31,96.36,98.4,94.9,219.67K,-0.35%
8/8/2022,96.65,94.51,96.82,93.01,201.25K,1.82%
8/5/2022,94.92,93.65,96.4,92.78,216.20K,0.85%
8/4/2022,94.12,97.1,97.66,93.2,264.81K,-2.75%
8/3/2022,96.78,99.73,102.41,96.5,293.11K,-3.74%
8/2/2022,100.54,99.87,102.41,98.49,229.68K,0.51%
8/1/2022,100.03,103.92,104.43,99.09,272.84K,-9.07%
7/29/2022,110.01,108,110.67,106.9,9.13K,2.68%
7/28/2022,107.14,107.31,109.06,106,80.84K,0.49%
7/27/2022,106.62,104.75,107.86,103.73,77.69K,2.13%
7/26/2022,104.4,104.73,107.34,103.99,110.00K,-0.71%
7/25/2022,105.15,103.85,105.38,101.64,123.67K,1.89%
7/22/2022,103.2,103.86,105.72,101.9,137.24K,-0.64%
7/21/2022,103.86,106.49,106.78,101.5,228.70K,-2.86%
7/20/2022,106.92,107.07,107.45,105.08,186.70K,-0.40%
7/19/2022,107.35,105.74,107.61,103.6,226.40K,1.02%
7/18/2022,106.27,100.82,106.48,99.46,213.50K,5.05%
7/15/2022,101.16,99.91,102.64,98.17,218.09K,2.08%
7/14/2022,99.1,99.43,100.39,94.5,318.79K,-0.47%
7/13/2022,99.57,98.5,101.21,98.28,247.47K,0.08%
7/12/2022,99.49,106.25,106.56,98.9,275.62K,-7.11%
7/11/2022,107.1,107,107.7,103.64,194.66K,0.07%
7/8/2022,107.02,104.65,107.47,103.67,238.35K,2.26%
7/7/2022,104.65,100.14,106.35,98.5,279.66K,3.93%
7/6/2022,100.69,104.88,105.85,98.5,350.30K,-2.02%
7/5/2022,102.77,113.54,114.75,101.1,428.84K,-9.45%
7/4/2022,113.5,111.65,114,110.4,100.59K,1.68%
7/1/2022,111.63,109.49,112.45,108.03,235.42K,-2.77%
6/30/2022,114.81,116.01,116.67,114.22,7.11K,-1.25%
6/29/2022,116.26,117.96,120.41,115.2,54.34K,-1.46%
6/28/2022,117.98,115.74,118.27,115.72,65.76K,2.51%
6/27/2022,115.09,112.92,116.08,111.26,118.10K,1.74%
6/24/2022,113.12,110.04,114,109.24,134.18K,2.79%
6/23/2022,110.05,109.58,112.7,108.04,195.92K,-1.51%
6/22/2022,111.74,114.4,114.45,107.03,293.05K,-2.54%
6/21/2022,114.65,114.21,116.25,114.02,204.03K,0.46%
6/20/2022,114.13,113.88,114.5,111.52,161.60K,0.89%
6/17/2022,113.12,119.13,121.25,111.72,319.91K,-5.58%
6/16/2022,119.81,119.65,120.29,115.56,276.68K,1.10%
6/15/2022,118.51,120.79,121.88,117.75,231.06K,-2.20%
6/14/2022,121.17,121.88,125.19,118.91,291.26K,-0.90%
6/13/2022,122.27,121.94,123.7,118.93,257.11K,0.21%
6/10/2022,122.01,122.89,124.33,119.81,294.28K,-0.86%
6/9/2022,123.07,123.6,124.34,122.5,218.98K,-0.41%
6/8/2022,123.58,120.65,124.4,120.45,256.29K,2.50%
6/7/2022,120.57,119.94,121.37,118.55,276.72K,0.89%
6/6/2022,119.51,121.55,121.95,118.77,204.09K,-0.18%
6/3/2022,119.72,118.22,121.45,116.02,141.66K,1.79%
6/2/2022,117.61,115.02,118.46,112.45,216.90K,1.14%
6/1/2022,116.29,116.08,118.57,115.4,242.16K,-5.33%
5/31/2022,122.84,122.2,125.28,121.6,11.56K,0.96%
5/30/2022,121.67,119.28,122.01,118.98,42.41K,1.88%
5/27/2022,119.43,117.52,119.72,116.63,81.16K,1.73%
5/26/2022,117.4,114.35,118,113.85,123.58K,2.96%
5/25/2022,114.03,114.12,115.3,113.01,152.33K,0.41%
5/24/2022,113.56,112.79,114.63,111.7,191.73K,0.12%
5/23/2022,113.42,112.85,114.34,111.86,196.51K,0.77%
5/20/2022,112.55,111.45,113.23,110.52,180.89K,0.46%
5/19/2022,112.04,108.22,112.31,105.7,272.35K,2.69%
5/18/2022,109.11,112.91,114.15,108.35,245.04K,-2.52%
5/17/2022,111.93,114.42,115.69,111.09,277.89K,-2.02%
5/16/2022,114.24,111.67,114.79,108.84,218.44K,2.41%
5/13/2022,111.55,108.25,111.69,107.79,220.32K,3.82%
5/12/2022,107.45,107.67,108.71,104.69,264.26K,-0.06%
5/11/2022,107.51,101.51,108.29,101.3,287.53K,4.93%
5/10/2022,102.46,105.5,106.96,101.54,327.99K,-3.28%
5/9/2022,105.94,112.94,113.2,105,302.17K,-5.74%
5/6/2022,112.39,111.27,113.5,109.87,249.83K,1.34%
5/5/2022,110.9,110.55,114,109.2,279.88K,0.69%
5/4/2022,110.14,105.91,111,105.46,241.68K,4.93%
5/3/2022,104.97,107.61,108.32,104.62,184.20K,-2.43%
5/2/2022,107.58,106.3,108.46,103.1,151.34K,-1.61%
4/29/2022,109.34,107.55,110.3,107,12.02K,1.63%
4/28/2022,107.59,104.96,108,103.29,73.32K,2.16%
4/27/2022,105.32,105.45,106.33,103.27,67.06K,0.31%
4/26/2022,104.99,102.53,106.2,101.08,138.20K,2.61%
4/25/2022,102.32,105.49,105.85,99.48,156.35K,-4.06%
4/22/2022,106.65,108.26,108.76,105.54,125.87K,-1.55%
4/21/2022,108.33,107.07,109.8,106.76,185.38K,1.43%
4/20/2022,106.8,108.1,109,104.65,243.67K,-0.42%
4/19/2022,107.25,112.85,114.21,106.74,239.91K,-5.22%
4/18/2022,113.16,112.32,114.84,110.71,132.15K,1.31%
4/14/2022,111.7,108.29,112.39,106.63,210.18K,2.68%
4/13/2022,108.78,105.44,109,104.06,247.26K,3.96%
4/12/2022,104.64,99.35,105.6,98.9,273.95K,6.26%
4/11/2022,98.48,103.21,103.3,97.57,238.69K,-4.18%
4/8/2022,102.78,101.42,103.3,99.65,217.64K,2.19%
4/7/2022,100.58,101.78,103.59,98.41,296.03K,-0.48%
4/6/2022,101.07,105.7,108.67,100.54,286.52K,-5.22%
4/5/2022,106.64,108.51,109.9,104.53,203.06K,-0.83%
4/4/2022,107.53,104.08,108.68,102.89,218.68K,3.01%
4/1/2022,104.39,105.25,106.24,102.35,238.62K,-3.26%
3/31/2022,107.91,112.81,112.94,106.5,8.68K,-4.88%
3/30/2022,113.45,112,114.8,110.74,72.33K,2.92%
3/29/2022,110.23,110.1,114.83,104.84,93.68K,-2.00%
3/28/2022,112.48,119.9,119.9,109.06,150.82K,-6.77%
3/25/2022,120.65,118.88,120.92,115.16,133.46K,1.36%
3/24/2022,119.03,121.56,123.74,116.93,177.66K,-2.11%
3/23/2022,121.6,114.7,122.34,114.45,224.53K,5.30%
3/22/2022,115.48,117.04,119.48,112.64,204.66K,-0.12%
3/21/2022,115.62,107.5,116.8,107.06,196.49K,7.12%
3/18/2022,107.93,106.8,109.59,105.78,168.91K,1.21%
3/17/2022,106.64,98.61,107.5,97.75,200.95K,8.79%
3/16/2022,98.02,99.14,103.7,96.93,246.82K,-1.89%
3/15/2022,99.91,105.34,105.71,97.44,318.12K,-6.54%
3/14/2022,106.9,113.15,113.15,103.49,265.91K,-5.12%
3/11/2022,112.67,110.26,113.91,107.13,287.39K,3.05%
3/10/2022,109.33,112.65,118.36,109,352.34K,-1.63%
3/9/2022,111.14,130.28,131.64,105.6,521.58K,-13.16%
3/8/2022,127.98,124.56,133.15,121.31,469.99K,3.87%
3/7/2022,123.21,122.79,139.13,119.04,419.93K,4.32%
3/4/2022,118.11,114.23,118.98,109.62,334.41K,6.93%
3/3/2022,110.46,115.27,119.84,109.4,452.52K,-2.19%
3/2/2022,112.93,107.34,115.11,106.83,490.57K,7.58%
3/1/2022,104.97,98.43,107.67,98.3,492.51K,3.94%
2/28/2022,100.99,101.98,105.07,99.64,22.96K,3.12%
2/25/2022,97.93,100.69,101.99,96,68.98K,-1.16%
2/24/2022,99.08,98.08,105.79,97.56,167.79K,2.31%
2/23/2022,96.84,96.65,98.71,95.81,238.63K,0.00%
2/22/2022,96.84,96.55,99.5,95.8,316.38K,1.52%
2/21/2022,95.39,94.29,97.4,92.57,217.04K,1.98%
2/18/2022,93.54,92.73,94.15,90.12,348.35K,0.61%
2/17/2022,92.97,92.2,94.5,92.14,347.79K,-1.94%
2/16/2022,94.81,93.49,96.07,91.11,393.79K,1.64%
2/15/2022,93.28,95.81,96.26,92.06,378.25K,-3.32%
2/14/2022,96.48,95.2,96.78,93.44,373.09K,2.16%
2/11/2022,94.44,91.17,95.66,90.51,452.11K,3.31%
2/10/2022,91.41,91.75,93.1,90.88,369.01K,-0.15%
2/9/2022,91.55,91.08,92.09,90.05,294.00K,0.85%
2/8/2022,90.78,92.63,92.93,89.93,368.55K,-2.06%
2/7/2022,92.69,92.75,94,92.13,317.29K,-0.62%
2/4/2022,93.27,91.3,93.7,91.2,322.13K,2.37%
2/3/2022,91.11,89.07,91.3,88.02,301.79K,1.83%
2/2/2022,89.47,89.48,90.52,88.28,319.43K,0.35%
2/1/2022,89.16,89.62,89.96,87.72,271.77K,-2.25%
1/31/2022,91.21,90.8,91.48,90.61,11.01K,1.31%
1/28/2022,90.03,89.98,91.7,89.41,102.01K,0.77%
1/27/2022,89.34,89.7,91.04,89,131.70K,-0.69%
1/26/2022,89.96,87.95,90.47,87.79,260.11K,2.00%
1/25/2022,88.2,86.76,88.37,86.2,256.21K,2.24%
1/24/2022,86.27,87.93,88.9,85.04,309.89K,-1.84%
1/21/2022,87.89,86.75,88.23,85.71,288.21K,-0.55%
1/20/2022,88.38,87.89,89.5,87.05,279.52K,-0.07%
1/19/2022,88.44,88.65,89.17,87.61,350.94K,1.06%
1/18/2022,87.51,86.47,88.66,86.44,356.88K,1.19%
1/17/2022,86.48,86.15,86.71,85.54,139.82K,0.49%
1/14/2022,86.06,84.12,86.5,83.99,304.72K,1.88%
1/13/2022,84.47,84.87,85.1,83.79,265.20K,-0.24%
1/12/2022,84.67,83.78,85.21,83.52,301.39K,1.13%
1/11/2022,83.72,81.08,83.98,80.89,324.94K,3.52%
1/10/2022,80.87,81.76,82.3,80.5,300.65K,-1.08%
1/7/2022,81.75,82,83,81.42,286.11K,-0.29%
1/6/2022,81.99,80.22,82.83,79.61,353.16K,1.47%
1/5/2022,80.8,80.07,81.5,79.51,331.74K,1.00%
1/4/2022,80,78.91,80.55,78.62,291.68K,1.29%
1/3/2022,78.98,78.11,79.28,77.04,201.03K,1.54%
12/31/2021,77.78,78.81,79.68,77.55,148.96K,-1.94%
12/30/2021,79.32,79.19,79.66,78.5,10.90K,0.11%
12/29/2021,79.23,79.28,80.17,78.13,69.63K,0.37%
12/28/2021,78.94,78.67,79.85,78.48,50.41K,0.43%
12/27/2021,78.6,76.32,79.08,75.75,85.39K,3.23%
12/24/2021,76.14,76.72,76.79,75.75,30.54K,-0.92%
12/23/2021,76.85,75.47,77,74.78,161.24K,2.07%
12/22/2021,75.29,74.05,75.67,73.62,166.71K,1.77%
12/21/2021,73.98,71.88,74.27,71.24,214.07K,3.44%
12/20/2021,71.52,72.82,72.87,69.28,333.76K,-2.72%
12/17/2021,73.52,74.5,74.98,72.65,231.41K,-2.00%
12/16/2021,75.02,74.47,75.61,74,223.64K,1.54%
12/15/2021,73.88,73.25,74.58,72.5,233.19K,0.24%
12/14/2021,73.7,74.42,75.16,72.57,277.86K,-0.93%
12/13/2021,74.39,75.37,76.39,74.2,265.51K,-1.01%
12/10/2021,75.15,73.99,75.71,73.8,221.36K,0.98%
12/9/2021,74.42,75.94,76.7,73.84,283.39K,-1.85%
12/8/2021,75.82,75.44,76.37,74.38,322.08K,0.50%
12/7/2021,75.44,73.6,76.27,73.2,312.28K,3.23%
12/6/2021,73.08,70.24,73.8,70.24,255.40K,4.58%
12/3/2021,69.88,70.22,72.62,69.24,331.82K,0.30%
12/2/2021,69.67,69.72,70.7,65.72,526.60K,1.16%
12/1/2021,68.87,69.8,72.87,68.14,420.40K,-2.41%
11/30/2021,70.57,74.42,74.56,70.22,24.82K,-3.91%
11/29/2021,73.44,73.88,77.02,72.41,126.35K,0.99%
11/26/2021,72.72,81.65,81.66,72.14,170.78K,-11.55%
11/25/2021,82.22,82.24,82.58,81.7,80.45K,-0.04%
11/24/2021,82.25,81.88,83,81.74,231.07K,-0.07%
11/23/2021,82.31,79.51,82.6,78.55,366.60K,3.27%
11/22/2021,79.7,78.58,80.07,77.58,350.90K,1.03%
11/19/2021,78.89,81,82.24,78.05,479.93K,-2.89%
11/18/2021,81.24,80.1,81.41,79.28,306.85K,1.20%
11/17/2021,80.28,82.05,82.22,79.78,406.75K,-2.61%
11/16/2021,82.43,82,83.14,81.52,340.72K,0.46%
11/15/2021,82.05,81.92,82.49,80.67,273.72K,-0.15%
11/12/2021,82.17,82.83,82.87,81.26,289.30K,-0.84%
11/11/2021,82.87,82.85,83.44,81.66,336.14K,0.28%
11/10/2021,82.64,84.99,85.5,82.08,366.31K,-2.52%
11/9/2021,84.78,83.47,85.3,83.16,346.57K,1.62%
11/8/2021,83.43,82.58,84,82.53,269.60K,0.83%
11/5/2021,82.74,81.25,83.16,80.26,379.69K,2.73%
11/4/2021,80.54,81.58,84.49,80.2,472.43K,-1.77%
11/3/2021,81.99,84.07,84.2,81.1,380.11K,-3.22%
11/2/2021,84.72,84.45,85.23,83.76,317.07K,0.01%
11/1/2021,84.71,83.63,85.12,83.03,302.90K,0.39%
10/29/2021,84.38,84.33,84.83,83.79,22.77K,0.07%
10/28/2021,84.32,84.21,84.59,82.32,118.14K,-0.31%
10/27/2021,84.58,86.07,86.28,84.05,149.75K,-2.11%
10/26/2021,86.4,86.03,86.5,85.27,222.56K,0.48%
10/25/2021,85.99,85.65,86.7,85.43,294.55K,0.54%
10/22/2021,85.53,84.52,85.93,83.82,298.35K,1.09%
10/21/2021,84.61,85.9,86.1,83.36,373.65K,-1.41%
10/20/2021,85.82,85.19,85.89,83.61,378.69K,0.87%
10/19/2021,85.08,84.21,85.4,83.7,371.79K,0.89%
10/18/2021,84.33,84.95,86.04,83.95,340.96K,-0.62%
10/15/2021,84.86,84.3,85.1,84.16,276.47K,1.02%
10/14/2021,84,83.45,84.5,83.18,316.64K,0.99%
10/13/2021,83.18,83.1,83.69,82.2,333.68K,-0.29%
10/12/2021,83.42,83.49,84.23,82.72,331.41K,-0.27%
10/11/2021,83.65,82.65,84.6,82.54,330.44K,1.53%
10/8/2021,82.39,82.38,83.43,81.96,360.97K,0.54%
10/7/2021,81.95,80.98,82.5,79.08,393.10K,1.07%
10/6/2021,81.08,82.57,83.47,80.6,401.36K,-1.79%
10/5/2021,82.56,81.27,83.13,81.19,340.27K,1.60%
10/4/2021,81.26,79.49,82,78.75,362.37K,2.50%
10/1/2021,79.28,78.49,79.41,77.55,282.37K,0.97%
9/30/2021,78.52,78.46,79.11,77.6,20.51K,-0.15%
9/29/2021,78.64,78.25,79.4,77.5,97.97K,-0.57%
9/28/2021,79.09,79.4,80.75,78.1,132.33K,-0.55%
9/27/2021,79.53,78.25,79.9,78.21,231.13K,1.84%
9/24/2021,78.09,77.26,78.24,76.85,163.23K,1.09%
9/23/2021,77.25,75.9,77.35,75.6,226.59K,1.39%
9/22/2021,76.19,74.56,76.26,74.49,255.75K,2.46%
9/21/2021,74.36,74.33,75.18,73.26,258.71K,0.60%
9/20/2021,73.92,75.33,75.4,73.52,313.75K,-1.88%
9/17/2021,75.34,75.68,75.78,74.58,254.86K,-0.44%
9/16/2021,75.67,75.46,75.87,74.48,236.51K,0.28%
9/15/2021,75.46,73.92,76.13,73.78,289.45K,2.53%
9/14/2021,73.6,73.62,74.28,73.08,278.58K,0.12%
9/13/2021,73.51,72.88,73.92,72.69,244.73K,0.81%
9/10/2021,72.92,71.37,73.15,70.94,250.51K,2.06%
9/9/2021,71.45,72.61,73.2,70.88,377.81K,-1.58%
9/8/2021,72.6,71.64,72.95,71.55,325.36K,1.27%
9/7/2021,71.69,72.29,72.81,71.1,257.40K,-0.73%
9/6/2021,72.22,72.57,72.78,71.51,127.87K,-0.54%
9/3/2021,72.61,72.86,73.69,72.4,211.42K,-0.58%
9/2/2021,73.03,71.31,73.47,70.92,255.42K,2.01%
9/1/2021,71.59,71.68,72.38,70.42,282.49K,-1.92%
8/31/2021,72.99,73.14,73.52,72.62,12.59K,-0.57%
8/30/2021,73.41,73.25,73.69,72,68.66K,0.98%
8/27/2021,72.7,71.53,72.76,71.17,92.20K,2.29%
8/26/2021,71.07,71.94,72.13,70.66,179.57K,-1.63%
8/25/2021,72.25,71,72.42,70.5,242.07K,1.69%
8/24/2021,71.05,68.66,71.27,68.53,301.30K,3.35%
8/23/2021,68.75,64.97,68.9,64.6,271.56K,5.48%
8/20/2021,65.18,66.54,66.93,64.94,254.45K,-1.91%
8/19/2021,66.45,67.57,67.64,65.57,345.97K,-2.61%
8/18/2021,68.23,68.96,70.04,67.23,316.98K,-1.16%
8/17/2021,69.03,69.77,70,68.82,239.96K,-0.69%
8/16/2021,69.51,70.05,70.45,68.14,294.02K,-1.53%
8/13/2021,70.59,71.12,71.38,70,202.42K,-1.01%
8/12/2021,71.31,71.57,71.9,70.67,224.99K,-0.18%
8/11/2021,71.44,70.83,71.72,69.07,324.04K,1.15%
8/10/2021,70.63,69.35,71.24,68.94,246.13K,2.30%
8/9/2021,69.04,70.26,70.26,67.6,353.68K,-2.35%
8/6/2021,70.7,71.2,72.43,70.28,298.96K,-0.83%
8/5/2021,71.29,70.27,71.5,69.75,261.05K,1.29%
8/4/2021,70.38,72.33,72.83,70.11,370.13K,-2.80%
8/3/2021,72.41,73.08,73.55,71.05,303.73K,-0.66%
8/2/2021,72.89,75.39,75.39,72.31,304.87K,-4.51%
7/30/2021,76.33,75.81,76.38,75.38,14.39K,0.37%
7/29/2021,76.05,74.76,76.15,74.63,78.27K,1.75%
7/28/2021,74.74,74.77,75.32,74.42,111.62K,0.35%
7/27/2021,74.48,74.67,75.05,74.02,181.94K,-0.03%
7/26/2021,74.5,74.12,74.84,72.75,210.64K,0.54%
7/23/2021,74.1,73.56,74.22,73.32,181.66K,0.42%
7/22/2021,73.79,72.24,73.9,71.74,251.60K,2.16%
7/21/2021,72.23,68.92,72.38,68.63,306.32K,4.15%
7/20/2021,69.35,68.99,69.73,67.44,316.48K,1.06%
7/19/2021,68.62,72.86,73.34,67.75,510.92K,-6.75%
7/16/2021,73.59,73.18,74.09,72.34,292.66K,0.16%
7/15/2021,73.47,74.5,74.59,73.19,322.33K,-1.73%
7/14/2021,74.76,76.28,76.72,73.79,376.94K,-2.26%
7/13/2021,76.49,75.25,76.6,74.93,275.91K,1.77%
7/12/2021,75.16,75.79,75.84,74.23,262.30K,-0.52%
7/9/2021,75.55,74.39,75.8,73.8,248.18K,1.93%
7/8/2021,74.12,73.35,74.4,72.11,314.34K,0.94%
7/7/2021,73.43,74.69,75.99,72.6,387.43K,-1.48%
7/6/2021,74.53,77.06,77.84,74.13,410.70K,-3.41%
7/5/2021,77.16,76.23,77.26,75.7,157.22K,1.30%
7/2/2021,76.17,75.64,76.43,75.21,236.22K,0.44%
7/1/2021,75.84,74.69,76.74,74.55,405.16K,0.95%
6/30/2021,75.13,75.18,75.6,74.39,15.06K,0.49%
6/29/2021,74.76,74.67,75.51,73.9,94.94K,0.11%
6/28/2021,74.68,75.99,76.6,74.51,142.11K,-1.97%
6/25/2021,76.18,75.54,76.21,74.95,172.41K,0.82%
6/24/2021,75.56,75.3,75.78,74.51,165.05K,0.49%
6/23/2021,75.19,74.75,76.02,74.7,229.04K,0.51%
6/22/2021,74.81,74.88,75.3,74.32,294.72K,-0.12%
6/21/2021,74.9,73.33,74.95,72.98,265.47K,1.89%
6/18/2021,73.51,73,73.76,72.18,231.55K,0.59%
6/17/2021,73.08,73.8,74.5,72.01,336.64K,-1.76%
6/16/2021,74.39,74.26,74.96,73.86,306.09K,0.54%
6/15/2021,73.99,73.03,74.33,72.79,228.62K,1.55%
6/14/2021,72.86,72.7,73.64,72.59,200.72K,0.23%
6/11/2021,72.69,72.41,73.09,71.88,276.48K,0.23%
6/10/2021,72.52,72.03,72.93,70.95,346.58K,0.42%
6/9/2021,72.22,72.17,72.87,71.82,266.37K,0.00%
6/8/2021,72.22,71.42,72.42,70.71,285.23K,1.02%
6/7/2021,71.49,71.82,72.27,71.1,224.33K,-0.56%
6/4/2021,71.89,71.25,72.17,70.73,222.00K,0.81%
6/3/2021,71.31,71.27,71.99,70.66,229.79K,-0.06%
6/2/2021,71.35,70.55,71.48,70.35,221.63K,1.57%
6/1/2021,70.25,69.39,71.34,69.29,302.49K,1.34%
5/31/2021,69.32,68.98,69.82,68.75,80.18K,-0.45%
5/28/2021,69.63,69.69,69.92,69.26,21.26K,0.24%
5/27/2021,69.46,68.78,69.51,68.11,86.51K,0.86%
5/26/2021,68.87,68.55,69.17,68.02,134.62K,0.32%
5/25/2021,68.65,68.47,68.9,67.83,183.13K,0.28%
5/24/2021,68.46,66.72,68.64,66.46,227.25K,3.04%
5/21/2021,66.44,65.22,66.94,64.57,257.64K,2.04%
5/20/2021,65.11,66.63,67.17,64.8,388.16K,-2.33%
5/19/2021,66.66,68.41,68.46,65.3,386.89K,-2.98%
5/18/2021,68.71,69.61,70.24,67.28,378.02K,-1.08%
5/17/2021,69.46,68.92,69.62,68.18,230.78K,1.09%
5/14/2021,68.71,67,68.89,66.5,286.13K,2.48%
5/13/2021,67.05,68.88,69.04,66.48,312.00K,-3.27%
5/12/2021,69.32,68.78,69.9,68.18,310.30K,1.12%
5/11/2021,68.55,68.29,68.75,67.13,321.86K,0.34%
5/10/2021,68.32,68.74,69.2,67.41,265.60K,0.06%
5/7/2021,68.28,68.26,68.65,67.39,262.58K,0.28%
5/6/2021,68.09,68.47,69.37,67.93,273.28K,-1.26%
5/5/2021,68.96,69.35,69.95,68.35,283.73K,0.12%
5/4/2021,68.88,67.75,69.5,67.37,249.64K,1.95%
5/3/2021,67.56,66.7,67.82,66.1,148.71K,0.46%
4/30/2021,67.25,68.33,68.4,67.06,14.84K,-1.91%
4/29/2021,68.56,67.18,68.95,67.13,91.52K,1.92%
4/28/2021,67.27,66.58,67.85,66.13,148.95K,1.28%
4/27/2021,66.42,65.76,66.8,65.66,222.92K,1.17%
4/26/2021,65.65,66.1,66.26,64.57,257.58K,-0.70%
4/23/2021,66.11,65.8,66.3,65.16,187.90K,1.09%
4/22/2021,65.4,65.13,65.83,64.58,242.47K,0.12%
4/21/2021,65.32,66.22,66.52,64.96,260.88K,-1.88%
4/20/2021,66.57,67.2,68.08,65.51,328.24K,-0.72%
4/19/2021,67.05,66.7,67.23,66.17,193.81K,0.42%
4/16/2021,66.77,66.86,67.38,66.44,212.20K,-0.25%
4/15/2021,66.94,66.38,67.03,65.95,240.31K,0.54%
4/14/2021,66.58,64.01,66.9,63.88,323.04K,4.57%
4/13/2021,63.67,63.24,64.19,63.18,242.41K,0.62%
4/12/2021,63.28,63.03,64.31,62.41,257.84K,0.52%
4/9/2021,62.95,63.28,63.49,62.57,216.24K,-0.40%
4/8/2021,63.2,63.02,63.43,62.38,265.18K,0.06%
4/7/2021,63.16,62.6,63.55,61.6,321.39K,0.67%
4/6/2021,62.74,62.32,64.28,62.08,307.87K,0.95%
4/5/2021,62.15,64.57,64.81,61.25,231.78K,-4.18%
4/1/2021,64.86,63.12,65.17,62.38,480.37K,2.08%
3/31/2021,63.54,64.13,64.79,63.53,9.70K,-0.94%
3/30/2021,64.14,65.2,65.41,63.52,74.36K,-1.29%
3/29/2021,64.98,64.58,65.46,63.13,91.75K,0.63%
3/26/2021,64.57,62.01,64.89,61.85,147.74K,4.23%
3/25/2021,61.95,63.99,64.19,60.98,202.58K,-3.82%
3/24/2021,64.41,60.5,64.57,60.47,255.12K,5.95%
3/23/2021,60.79,64.3,64.3,60.27,392.60K,-5.93%
3/22/2021,64.62,64.53,65.12,63.45,236.34K,0.14%
3/19/2021,64.53,62.99,64.95,62.07,446.11K,1.98%
3/18/2021,63.28,67.77,68.15,61.45,516.08K,-6.94%
3/17/2021,68,68.39,68.89,66.96,309.76K,-0.57%
3/16/2021,68.39,68.81,68.94,67.36,248.99K,-0.71%
3/15/2021,68.88,69.08,70.03,67.82,262.60K,-0.49%
3/12/2021,69.22,69.59,69.9,69.03,251.54K,-0.59%
3/11/2021,69.63,68.45,69.84,67.99,289.61K,2.55%
3/10/2021,67.9,67.46,68.42,66.5,361.94K,0.56%
3/9/2021,67.52,68.13,69.33,67.12,302.61K,-1.06%
3/8/2021,68.24,69.97,71.38,67.8,352.59K,-1.61%
3/5/2021,69.36,67.16,69.69,66.67,361.76K,3.93%
3/4/2021,66.74,64.1,67.75,63.33,510.68K,4.17%
3/3/2021,64.07,62.38,64.7,62.38,341.67K,2.19%
3/2/2021,62.7,63.12,64.13,62.38,367.12K,-1.55%
3/1/2021,63.69,64.85,65.93,63.17,291.91K,-3.69%
2/26/2021,66.13,66.89,66.9,65.72,16.10K,-1.12%
2/25/2021,66.88,67.2,67.7,66.48,109.65K,-0.24%
2/24/2021,67.04,65.06,67.31,64.8,129.71K,2.55%
2/23/2021,65.37,65.51,66.79,64.47,231.18K,0.20%
2/22/2021,65.24,62.68,65.85,62.55,213.75K,3.70%
2/19/2021,62.91,63.3,63.94,62.09,305.83K,-1.60%
2/18/2021,63.93,65.02,65.52,63.22,420.56K,-0.64%
2/17/2021,64.34,63.15,64.96,62.73,391.26K,1.56%
2/16/2021,63.35,63.47,63.7,62.69,284.67K,0.08%
2/15/2021,63.3,62.83,63.76,62.82,220.38K,1.39%
2/12/2021,62.43,60.82,62.83,60.35,307.72K,2.11%
2/11/2021,61.14,61.01,61.5,60.72,209.69K,-0.54%
2/10/2021,61.47,61.21,61.69,60.87,287.71K,0.62%
2/9/2021,61.09,60.8,61.34,60.05,319.50K,0.88%
2/8/2021,60.56,59.43,60.72,59.43,269.31K,2.06%
2/5/2021,59.34,59.17,59.79,59.08,229.42K,0.85%
2/4/2021,58.84,58.59,59.12,58.04,244.07K,0.65%
2/3/2021,58.46,57.85,58.94,57.5,276.86K,1.74%
2/2/2021,57.46,56.35,58.05,56.33,337.68K,1.97%
2/1/2021,56.35,54.91,56.53,54.6,288.25K,0.84%
1/29/2021,55.88,55.52,56.37,55.31,19.94K,0.63%
1/28/2021,55.53,55.41,56.59,55.31,122.48K,-0.50%
1/27/2021,55.81,56.05,56.49,55.2,132.41K,-0.18%
1/26/2021,55.91,55.93,56.34,55.39,163.20K,0.05%
1/25/2021,55.88,55.26,56.02,55.07,198.27K,0.85%
1/22/2021,55.41,56,56.03,54.48,269.37K,-1.23%
1/21/2021,56.1,55.82,56.24,55.49,254.59K,0.04%
1/20/2021,56.08,56.07,56.64,55.66,310.89K,0.32%
1/19/2021,55.9,55.01,56.08,54.89,261.10K,2.10%
1/18/2021,54.75,54.75,55.21,54.49,142.87K,-0.64%
1/15/2021,55.1,56.41,56.5,54.64,298.41K,-2.34%
1/14/2021,56.42,55.93,56.57,55.24,331.29K,0.64%
1/13/2021,56.06,56.83,57.42,55.77,324.30K,-0.92%
1/12/2021,56.58,55.66,56.79,55.51,288.14K,1.65%
1/11/2021,55.66,56.24,56.39,54.99,295.07K,-0.59%
1/8/2021,55.99,54.56,56.36,54.34,336.65K,2.96%
1/7/2021,54.38,54.13,54.9,53.94,267.19K,0.15%
1/6/2021,54.3,53.52,54.73,53.02,414.41K,1.31%
1/5/2021,53.6,50.95,53.9,50.7,455.35K,4.91%
1/4/2021,51.09,51.5,53.33,50.56,382.90K,-1.37%
12/31/2020,51.8,51.49,51.84,50.9,133.22K,0.90%
12/30/2020,51.34,51.32,51.56,51.04,17.63K,0.49%
12/29/2020,51.09,51.02,51.63,50.86,91.33K,0.45%
12/28/2020,50.86,51.25,52.02,50.53,81.06K,-0.84%
12/24/2020,51.29,51.11,51.77,50.62,96.69K,0.18%
12/23/2020,51.2,49.7,51.59,49.2,182.63K,2.24%
12/22/2020,50.08,50.65,50.86,49.56,194.10K,-1.63%
12/21/2020,50.91,52.22,52.32,49.2,288.74K,-2.58%
12/18/2020,52.26,51.43,52.48,51.13,246.12K,1.48%
12/17/2020,51.5,51.12,51.9,51.08,233.88K,0.82%
12/16/2020,51.08,50.64,51.2,50.34,222.74K,0.63%
12/15/2020,50.76,50.3,50.89,49.78,190.55K,0.93%
12/14/2020,50.29,50.05,50.8,49.13,236.96K,0.64%
12/11/2020,49.97,50.45,50.74,49.74,231.87K,-0.56%
12/10/2020,50.25,49,51.06,48.86,288.73K,2.84%
12/9/2020,48.86,48.84,49.55,48.4,267.79K,0.04%
12/8/2020,48.84,48.58,49,48.09,225.24K,0.10%
12/7/2020,48.79,49.23,49.43,48.4,207.51K,-0.93%
12/4/2020,49.25,48.96,49.92,48.84,253.64K,1.11%
12/3/2020,48.71,48,48.94,47.67,274.73K,0.95%
12/2/2020,48.25,47.05,48.76,46.82,285.74K,1.75%
12/1/2020,47.42,47.79,48.3,46.88,258.69K,-0.36%
11/30/2020,47.59,47.91,47.99,46.85,20.68K,-1.22%
11/27/2020,48.18,47.81,48.44,47.34,87.75K,0.79%
11/26/2020,47.8,48.76,49.09,47.53,88.76K,-1.67%
11/25/2020,48.61,47.8,49.06,47.72,231.03K,1.57%
11/24/2020,47.86,45.9,48.03,45.89,263.24K,3.91%
11/23/2020,46.06,45.08,46.12,44.89,267.25K,2.45%
11/20/2020,44.96,44.15,45.24,44.05,264.01K,1.72%
11/19/2020,44.2,43.96,44.57,43.79,210.30K,-0.32%
11/18/2020,44.34,43.75,44.89,43.48,242.88K,1.35%
11/17/2020,43.75,43.89,44.25,43.08,226.35K,-0.16%
11/16/2020,43.82,42.71,44.67,42.71,268.43K,2.43%
11/13/2020,42.78,43.2,43.34,42.63,216.74K,-1.72%
11/12/2020,43.53,43.73,44.5,43.26,266.04K,-0.62%
11/11/2020,43.8,43.77,45.3,43.6,346.77K,0.44%
11/10/2020,43.61,41.75,44.11,41.71,315.25K,2.85%
11/9/2020,42.4,39.65,43.48,39.46,393.05K,7.48%
11/6/2020,39.45,40.63,40.69,39.34,255.44K,-3.62%
11/5/2020,40.93,40.96,41.53,40.33,219.20K,-0.73%
11/4/2020,41.23,40.13,41.33,39.42,250.87K,3.83%
11/3/2020,39.71,39.26,40.45,38.65,278.63K,1.90%
11/2/2020,38.97,37.37,39.36,35.74,326.07K,4.03%
10/30/2020,37.46,37.5,38.1,36.8,20.19K,-0.50%
10/29/2020,37.65,39.16,39.45,36.64,112.49K,-3.76%
10/28/2020,39.12,40.61,40.7,38.75,163.83K,-5.05%
10/27/2020,41.2,40.5,41.47,40.4,207.54K,1.83%
10/26/2020,40.46,41.53,41.63,40.22,210.53K,-3.14%
10/23/2020,41.77,42.4,42.8,41.5,205.21K,-1.63%
10/22/2020,42.46,41.59,42.79,41.46,257.20K,1.75%
10/21/2020,41.73,42.91,43.04,41.45,268.88K,-3.31%
10/20/2020,43.16,42.45,43.3,42.19,252.05K,1.27%
10/19/2020,42.62,42.69,43.23,42.36,209.06K,-0.72%
10/16/2020,42.93,43.1,43.21,42.27,197.16K,-0.53%
10/15/2020,43.16,43.45,43.48,41.56,295.28K,-0.37%
10/14/2020,43.32,42.43,43.45,42.13,279.12K,2.05%
10/13/2020,42.45,41.81,42.68,41.66,227.85K,1.75%
10/12/2020,41.72,42.6,42.71,41.36,238.87K,-2.64%
10/9/2020,42.85,43.36,43.57,42.61,254.62K,-1.13%
10/8/2020,43.34,42.15,43.47,41.86,266.26K,3.22%
10/7/2020,41.99,41.85,42.42,41.36,241.20K,-1.55%
10/6/2020,42.65,41.41,42.84,41.22,291.68K,3.29%
10/5/2020,41.29,39.19,41.78,39.14,273.76K,5.14%
10/2/2020,39.27,40.65,40.77,38.79,337.41K,-4.06%
10/1/2020,40.93,42.17,42.56,39.92,338.72K,-0.05%
9/30/2020,40.95,40.66,40.98,40.3,19.38K,-0.19%
9/29/2020,41.03,42.47,42.52,40.43,91.60K,-3.30%
9/28/2020,42.43,41.87,42.62,41.48,91.82K,1.22%
9/25/2020,41.92,41.85,42.33,41.52,129.40K,-0.05%
9/24/2020,41.94,41.36,42.02,41.27,162.93K,0.41%
9/23/2020,41.77,41.67,42.62,41.21,183.88K,0.12%
9/22/2020,41.72,41.79,42.2,41.21,210.74K,0.68%
9/21/2020,41.44,43.01,43.3,40.96,217.36K,-3.96%
9/18/2020,43.15,43.22,43.8,42.53,204.66K,-0.35%
9/17/2020,43.3,42.32,43.5,41.5,237.40K,2.56%
9/16/2020,42.22,40.72,42.44,40.59,237.25K,4.17%
9/15/2020,40.53,39.7,40.82,39.39,214.80K,2.32%
9/14/2020,39.61,39.78,40.09,39.3,200.09K,-0.55%
9/11/2020,39.83,39.96,40.34,39.38,211.88K,-0.57%
9/10/2020,40.06,40.58,40.96,39.71,208.86K,-1.79%
9/9/2020,40.79,39.65,41.2,39.37,278.22K,2.54%
9/8/2020,39.78,42.08,42.23,39.31,363.53K,-5.31%
9/7/2020,42.01,42.2,42.43,41.51,122.98K,-1.52%
9/4/2020,42.66,43.76,44.54,42.3,270.96K,-3.20%
9/3/2020,44.07,44.65,44.65,43.15,274.93K,-0.81%
9/2/2020,44.43,45.83,46.05,44.2,260.14K,-2.52%
9/1/2020,45.58,45.6,46.22,45.47,206.72K,0.66%
8/31/2020,45.28,45.8,46.53,45.21,174.31K,0.51%
8/28/2020,45.05,45.1,45.3,44.8,21.14K,-0.09%
8/27/2020,45.09,45.7,45.87,44.56,102.26K,-1.21%
8/26/2020,45.64,45.97,46.1,45.54,132.51K,-0.48%
8/25/2020,45.86,45.12,46.07,45.08,178.31K,1.62%
8/24/2020,45.13,44.5,45.18,44.29,176.64K,1.76%
8/21/2020,44.35,45.03,45.08,43.59,221.99K,-1.22%
8/20/2020,44.9,45.14,45.18,44.02,249.74K,-1.04%
8/19/2020,45.37,45.17,45.48,44.81,174.88K,-0.20%
8/18/2020,45.46,45.27,45.55,44.76,181.69K,0.20%
8/17/2020,45.37,44.86,45.41,44.53,164.23K,1.27%
8/14/2020,44.8,45.29,45.29,44.47,151.46K,-0.36%
8/13/2020,44.96,45.32,45.58,44.82,148.41K,-1.03%
8/12/2020,45.43,44.62,45.63,44.49,166.48K,2.09%
8/11/2020,44.5,45.05,45.79,44.39,202.74K,-1.09%
8/10/2020,44.99,44.66,45.26,44.37,135.30K,1.33%
8/7/2020,44.4,45.15,45.3,44.27,171.72K,-1.53%
8/6/2020,45.09,45.32,45.71,44.85,184.52K,-0.18%
8/5/2020,45.17,44.28,46.23,44.24,246.98K,1.67%
8/4/2020,44.43,43.84,44.82,43.24,227.12K,0.63%
8/3/2020,44.15,43.53,44.46,42.89,198.70K,1.96%
7/31/2020,43.3,43.29,43.44,43.05,14.42K,0.84%
7/30/2020,42.94,43.73,43.8,41.38,63.20K,-1.85%
7/29/2020,43.75,43.31,43.95,43.2,64.92K,1.23%
7/28/2020,43.22,43.55,43.84,43,107.34K,-0.44%
7/27/2020,43.41,43.35,43.77,42.39,174.75K,0.16%
7/24/2020,43.34,43.27,43.9,42.79,191.05K,0.07%
7/23/2020,43.31,44.1,44.77,43.13,262.24K,-2.21%
7/22/2020,44.29,44.03,44.4,43.62,202.16K,-0.07%
7/21/2020,44.32,43.17,44.89,43.16,229.78K,2.40%
7/20/2020,43.28,43.08,43.45,42.36,179.43K,0.32%
7/17/2020,43.14,43.4,43.45,42.64,162.40K,-0.53%
7/16/2020,43.37,43.71,43.8,43.14,172.16K,-0.96%
7/15/2020,43.79,43.07,43.85,42.7,232.18K,2.07%
7/14/2020,42.9,42.24,43.22,41.8,221.12K,0.42%
7/13/2020,42.72,43.12,43.34,42.14,200.31K,-1.20%
7/10/2020,43.24,42.36,43.42,41.32,214.05K,2.10%
7/9/2020,42.35,43.3,43.5,41.94,237.75K,-2.17%
7/8/2020,43.29,42.81,43.47,42.75,185.14K,0.49%
7/7/2020,43.08,43.13,43.45,42.46,183.23K,-0.05%
7/6/2020,43.1,42.79,43.71,42.74,185.02K,0.70%
7/3/2020,42.8,42.76,42.99,42.32,96.78K,-0.79%
7/2/2020,43.14,41.84,43.23,41.73,196.69K,2.64%
7/1/2020,42.03,41.58,42.62,41.03,252.52K,2.14%
6/30/2020,41.15,41.33,41.62,40.9,12.60K,-1.34%
6/29/2020,41.71,40.56,41.95,40.04,86.78K,1.68%
6/26/2020,41.02,41.44,41.81,40.29,120.32K,-0.07%
6/25/2020,41.05,40.35,41.64,39.47,166.05K,1.84%
6/24/2020,40.31,42.45,42.89,39.63,195.72K,-5.44%
6/23/2020,42.63,43.21,43.93,42.21,183.03K,-1.04%
6/22/2020,43.08,41.74,43.18,41.58,187.65K,2.11%
6/19/2020,42.19,41.72,42.92,41.03,217.49K,1.64%
6/18/2020,41.51,40.43,41.64,40.06,175.79K,1.97%
6/17/2020,40.71,40.61,41.46,40.03,175.24K,-0.61%
6/16/2020,40.96,39.94,41.65,38.95,248.58K,3.12%
6/15/2020,39.72,38.8,39.9,37.24,215.42K,2.56%
6/12/2020,38.73,37.88,39.45,37.01,237.89K,0.47%
6/11/2020,38.55,40.95,41.01,37.82,290.17K,-7.62%
6/10/2020,41.73,40.72,41.99,40.14,234.19K,1.34%
6/9/2020,41.18,41.1,41.45,39.85,222.36K,0.93%
6/8/2020,40.8,42.4,43.41,40.68,227.88K,-3.55%
6/5/2020,42.3,39.84,42.48,39.72,250.31K,5.78%
6/4/2020,39.99,39.6,40.1,39.04,172.61K,0.50%
6/3/2020,39.79,39.75,40.53,38.76,239.43K,0.56%
6/2/2020,39.57,38.34,39.75,38.26,205.22K,3.26%
6/1/2020,38.32,37.56,38.68,37.18,212.78K,8.46%
5/29/2020,35.33,35.15,35.37,34.06,14.71K,0.11%
5/28/2020,35.29,33.92,35.95,33.62,70.99K,1.58%
5/27/2020,34.74,35.93,36.16,33.98,112.25K,-3.95%
5/26/2020,36.17,35.66,36.68,35.26,129.98K,1.80%
5/25/2020,35.53,34.98,35.97,34.46,28.96K,1.14%
5/22/2020,35.13,36.18,36.23,33.54,174.59K,-2.58%
5/21/2020,36.06,35.82,36.98,35.75,178.55K,0.87%
5/20/2020,35.75,34.45,36.46,34.38,191.27K,3.17%
5/19/2020,34.65,35.66,35.76,34.2,188.93K,-0.46%
5/18/2020,34.81,32.78,35.72,32.69,232.25K,7.11%
5/15/2020,32.5,31.52,32.91,30.94,211.28K,4.40%
5/14/2020,31.13,29.52,31.55,28.88,222.21K,6.65%
5/13/2020,29.19,29.35,30.55,28.86,221.11K,-2.64%
5/12/2020,29.98,30.07,30.7,29.35,202.47K,1.18%
5/11/2020,29.63,30.7,31.47,29.35,242.21K,-4.33%
5/8/2020,30.97,29.6,31.14,29.43,147.30K,5.13%
5/7/2020,29.46,29.64,31.84,29.08,259.89K,-0.87%
5/6/2020,29.72,32.27,32.27,28.66,268.46K,-4.04%
5/5/2020,30.97,28.1,32.06,27.77,267.14K,13.86%
5/4/2020,27.2,26.1,28.08,25.5,215.73K,2.87%
5/1/2020,26.44,26.95,27.88,25.76,216.98K,4.63%
4/30/2020,25.27,22.87,25.76,22.87,9.69K,12.11%
4/29/2020,22.54,20.66,23.88,20.53,86.55K,10.17%
4/28/2020,20.46,19.9,21.29,18.73,123.22K,2.35%
4/27/2020,19.99,21.55,21.91,19.11,162.39K,-6.76%
4/24/2020,21.44,21.93,22.7,20.5,187.00K,0.52%
4/23/2020,21.33,20.89,23.22,20.07,256.30K,4.71%
4/22/2020,20.37,20.23,22.45,15.98,344.76K,5.38%
4/21/2020,19.33,26.33,26.5,17.51,637.21K,-24.40%
4/20/2020,25.57,28.05,28.25,25.37,361.83K,-8.94%
4/17/2020,28.08,28.66,28.93,27.58,286.17K,0.93%
4/16/2020,27.82,28.05,29,27.2,272.98K,0.47%
4/15/2020,27.69,30.26,30.33,27.16,284.34K,-6.45%
4/14/2020,29.6,32.25,32.32,29.38,297.55K,-6.74%
4/13/2020,31.74,33.99,33.99,30.63,223.29K,0.83%
4/9/2020,31.48,33.82,36.4,31.18,493.00K,-4.14%
4/8/2020,32.84,32.63,33.87,31.54,320.61K,3.04%
4/7/2020,31.87,33.66,34.18,31.74,303.42K,-3.57%
4/6/2020,33.05,31.76,34.24,30.03,296.07K,-3.11%
4/3/2020,34.11,29.89,35,28.25,541.28K,13.93%
4/2/2020,29.94,25.61,36.29,25.45,612.27K,21.02%
4/1/2020,24.74,25.99,26.28,24.52,347.29K,8.80%
3/31/2020,22.74,23,23.87,22.59,14.77K,-0.09%
3/30/2020,22.76,23.85,24.44,21.65,62.08K,-8.70%
3/27/2020,24.93,26.68,27,24.13,112.74K,-5.35%
3/26/2020,26.34,27.35,27.75,26.03,139.18K,-3.83%
3/25/2020,27.39,27.8,28.29,25.68,154.94K,0.88%
3/24/2020,27.15,27.72,28.65,26.69,198.91K,0.44%
3/23/2020,27.03,26.75,27.54,24.68,257.59K,0.19%
3/20/2020,26.98,28.1,30.94,26.81,313.84K,-5.23%
3/19/2020,28.47,27.19,29.42,24.96,335.72K,14.43%
3/18/2020,24.88,28.4,29.21,24.52,348.40K,-13.40%
3/17/2020,28.73,30.14,31.25,28.5,270.24K,-4.39%
3/16/2020,30.05,35.82,35.84,29.45,330.12K,-11.23%
3/13/2020,33.85,32.85,36.15,32.5,360.63K,1.90%
3/12/2020,33.22,35.99,36.46,32.5,472.74K,-7.18%
3/11/2020,35.79,37.27,39.7,35.35,471.77K,-3.84%
3/10/2020,37.22,35.84,38.22,35,551.29K,8.32%
3/9/2020,34.36,38.28,38.34,31.02,779.72K,-24.10%
3/6/2020,45.27,50.25,50.45,45.18,636.39K,-9.44%
3/5/2020,49.99,51.66,52.04,49.7,361.04K,-2.23%
3/4/2020,51.13,52.11,53.03,51.04,363.50K,-1.41%
3/3/2020,51.86,53.47,53.9,51.22,407.55K,-0.08%
3/2/2020,51.9,48.95,53.2,48.4,417.56K,2.73%
2/28/2020,50.52,51.42,51.52,50.05,20.36K,-3.18%
2/27/2020,52.18,53.18,53.25,50.97,112.16K,-2.34%
2/26/2020,53.43,55.13,55.45,53.03,171.50K,-2.77%
2/25/2020,54.95,56.46,56.98,54.62,210.28K,-2.40%
2/24/2020,56.3,57.85,57.86,55.13,236.33K,-3.76%
2/21/2020,58.5,59,59.25,57.73,236.49K,-1.37%
2/20/2020,59.31,59.31,60,58.9,268.65K,0.32%
2/19/2020,59.12,57.6,59.4,57.51,262.15K,2.37%
2/18/2020,57.75,57.35,57.83,56.3,249.20K,0.14%
2/17/2020,57.67,57.29,57.7,56.83,115.34K,0.61%
2/14/2020,57.32,56.41,57.53,56.15,258.14K,1.74%
2/13/2020,56.34,55.75,56.83,54.96,325.51K,0.99%
2/12/2020,55.79,54.41,56.36,54.39,305.45K,3.30%
2/11/2020,54.01,53.62,54.69,53.6,272.81K,1.39%
2/10/2020,53.27,54.2,54.71,53.11,280.18K,-2.20%
2/7/2020,54.47,55.14,55.4,54.21,270.80K,-0.84%
2/6/2020,54.93,55.56,56.58,54.25,379.87K,-0.63%
2/5/2020,55.28,54.05,56.46,54.05,412.27K,2.45%
2/4/2020,53.96,54.33,55.65,53.69,409.86K,-0.90%
2/3/2020,54.45,56.16,56.77,54.08,477.22K,-6.38%
1/31/2020,58.16,59.3,59.45,57.94,19.60K,-0.22%
1/30/2020,58.29,59.6,59.65,57.71,104.27K,-2.54%
1/29/2020,59.81,59.86,60.62,59.26,142.68K,0.50%
1/28/2020,59.51,59.03,60.12,58.5,248.95K,0.32%
1/27/2020,59.32,60.23,60.49,58.5,259.77K,-2.26%
1/24/2020,60.69,62.01,62.46,60.25,257.95K,-2.18%
1/23/2020,62.04,62.68,62.69,61.25,361.91K,-1.85%
1/22/2020,63.21,64.57,64.58,62.62,273.30K,-2.14%
1/21/2020,64.59,65.26,65.35,64.06,248.56K,-0.94%
1/20/2020,65.2,65.98,66,64.92,154.79K,0.54%
1/17/2020,64.85,64.69,65.6,64.48,238.64K,0.36%
1/16/2020,64.62,64.26,64.97,63.9,220.17K,0.97%
1/15/2020,64,64.44,64.6,63.55,229.53K,-0.76%
1/14/2020,64.49,64.29,65.05,63.92,270.50K,0.45%
1/13/2020,64.2,65.13,65.27,63.92,262.47K,-1.20%
1/10/2020,64.98,65.29,65.66,64.86,272.17K,-0.60%
1/9/2020,65.37,66,66.1,64.56,364.45K,-0.11%
1/8/2020,65.44,71.22,71.75,64.94,560.89K,-4.15%
1/7/2020,68.27,68.63,68.75,67.65,284.92K,-0.93%
1/6/2020,68.91,69.35,70.74,68.21,341.14K,0.45%
1/3/2020,68.6,66.28,69.5,66.22,479.70K,3.55%
1/2/2020,66.25,66.41,66.58,65.72,205.69K,0.38%
12/31/2019,66,66.65,66.93,65.63,171.01K,-3.57%
12/30/2019,68.44,68.2,68.99,68.16,29.42K,0.41%
12/27/2019,68.16,67.91,68.33,67.57,112.22K,0.35%
12/26/2019,67.92,67.27,67.99,67.22,69.82K,1.07%
12/24/2019,67.2,66.44,67.26,66.36,106.43K,1.22%
12/23/2019,66.39,66.15,66.62,65.81,131.42K,0.38%
12/20/2019,66.14,66.56,66.72,65.7,217.98K,-0.60%
12/19/2019,66.54,66.19,66.78,66.03,249.54K,0.56%
12/18/2019,66.17,65.84,66.43,65.56,262.34K,0.11%
12/17/2019,66.1,65.31,66.24,65.12,245.83K,1.16%
12/16/2019,65.34,65.05,65.66,64.88,186.09K,0.18%
12/13/2019,65.22,64.56,65.79,64.5,232.75K,1.59%
12/12/2019,64.2,63.9,64.85,63.87,238.31K,0.75%
12/11/2019,63.72,64,64.26,63.01,250.14K,-0.96%
12/10/2019,64.34,64.03,64.69,63.78,235.19K,0.14%
12/9/2019,64.25,64.29,64.5,63.61,239.77K,-0.22%
12/6/2019,64.39,63.41,64.88,62.83,314.60K,1.58%
12/5/2019,63.39,62.97,63.91,62.75,294.84K,0.62%
12/4/2019,63,61.08,63.51,61,319.04K,3.58%
12/3/2019,60.82,61.05,61.58,60.3,248.55K,-0.16%
12/2/2019,60.92,60.73,62.09,60.72,297.87K,-2.42%
11/29/2019,62.43,63.77,63.86,62.36,19.65K,-2.25%
11/28/2019,63.87,63.91,64,63.19,96.08K,-0.30%
11/27/2019,64.06,64.02,64.6,63.51,125.47K,-0.33%
11/26/2019,64.27,63.7,64.32,63.44,181.10K,0.97%
11/25/2019,63.65,63.6,63.8,62.97,212.05K,0.41%
11/22/2019,63.39,63.62,64.27,62.98,228.74K,-0.91%
11/21/2019,63.97,62.22,64.03,61.92,318.49K,2.52%
11/20/2019,62.4,60.94,62.8,60.3,343.31K,2.45%
11/19/2019,60.91,62.28,62.57,60.7,296.80K,-2.45%
11/18/2019,62.44,63.36,63.57,61.94,228.25K,-1.36%
11/15/2019,63.3,62.47,63.65,61.7,255.68K,1.64%
11/14/2019,62.28,62.61,63.21,62.15,234.78K,-0.14%
11/13/2019,62.37,61.85,62.74,61.22,273.03K,0.50%
11/12/2019,62.06,62.11,62.85,61.82,238.17K,-0.19%
11/11/2019,62.18,62.6,62.76,61.57,213.34K,-0.53%
11/8/2019,62.51,62.29,62.7,60.66,287.67K,0.35%
11/7/2019,62.29,61.73,62.89,61.65,261.07K,0.89%
11/6/2019,61.74,62.78,63.32,61.59,275.94K,-1.94%
11/5/2019,62.96,62.04,63.19,61.85,231.67K,1.34%
11/4/2019,62.13,61.8,62.78,61.28,235.38K,0.71%
11/1/2019,61.69,59.45,61.82,59.4,236.09K,2.42%
10/31/2019,60.23,60.57,61.13,60.07,13.90K,-0.63%
10/30/2019,60.61,61.6,61.93,60.45,105.87K,-1.59%
10/29/2019,61.59,61.61,61.98,60.66,136.93K,0.03%
10/28/2019,61.57,62.04,62.34,61.19,167.86K,-0.73%
10/25/2019,62.02,61.5,62.11,60.93,204.45K,0.57%
10/24/2019,61.67,60.99,61.9,60.64,215.54K,0.82%
10/23/2019,61.17,59.48,61.3,58.85,313.23K,2.46%
10/22/2019,59.7,59.05,60.26,58.75,260.60K,1.26%
10/21/2019,58.96,59.23,59.55,58.26,212.57K,-0.77%
10/18/2019,59.42,59.78,60.29,59.01,228.14K,-0.82%
10/17/2019,59.91,58.99,60.04,58.69,269.84K,0.82%
10/16/2019,59.42,58.9,59.75,58.36,257.88K,1.16%
10/15/2019,58.74,59.3,59.68,58,305.68K,-1.03%
10/14/2019,59.35,60.69,60.73,58.5,283.07K,-1.92%
10/11/2019,60.51,59.53,60.69,59.21,367.63K,2.39%
10/10/2019,59.1,58.04,59.6,57.8,262.53K,1.34%
10/9/2019,58.32,58.02,59.35,57.91,266.48K,0.14%
10/8/2019,58.24,58.47,58.92,57.38,274.74K,-0.19%
10/7/2019,58.35,58.02,59.68,58.02,228.41K,-0.03%
10/4/2019,58.37,57.69,58.96,57.67,299.92K,1.14%
10/3/2019,57.71,57.54,57.99,56.15,336.90K,0.03%
10/2/2019,57.69,59.25,59.5,57.22,307.91K,-2.04%
10/1/2019,58.89,59.38,60.1,58.41,291.67K,-3.11%
9/30/2019,60.78,62.24,62.24,60.73,22.01K,-1.83%
9/27/2019,61.91,62.48,62.75,60.76,97.33K,-1.32%
9/26/2019,62.74,62.58,62.92,61.45,115.57K,0.56%
9/25/2019,62.39,62.44,62.81,61.23,201.47K,-1.13%
9/24/2019,63.1,64.4,64.6,62.3,216.28K,-2.58%
9/23/2019,64.77,65.23,65.5,63.53,204.78K,0.76%
9/20/2019,64.28,65,65.28,64.05,224.88K,-0.19%
9/19/2019,64.4,63.51,65.57,63.46,258.85K,1.26%
9/18/2019,63.6,64.23,64.99,63.04,295.05K,-1.47%
9/17/2019,64.55,68.15,69.26,63.55,620.49K,-6.48%
9/16/2019,69.02,66.45,71.95,64.75,735.54K,14.61%
9/13/2019,60.22,60.45,60.81,59.6,195.83K,-0.26%
9/12/2019,60.38,61.16,61.39,58.92,358.09K,-0.71%
9/11/2019,60.81,62.88,63.27,60.52,315.12K,-2.52%
9/10/2019,62.38,62.82,63.78,62.17,267.55K,-0.34%
9/9/2019,62.59,61.6,63,61.57,249.71K,1.71%
9/6/2019,61.54,60.81,61.88,59.4,287.36K,0.97%
9/5/2019,60.95,60.49,62.4,60.25,292.06K,0.41%
9/4/2019,60.7,58.17,60.96,58.13,283.10K,4.19%
9/3/2019,58.26,58.54,58.87,57.23,265.12K,-0.68%
9/2/2019,58.66,58.8,59.26,58.1,121.64K,-2.93%
8/30/2019,60.43,60.98,61.17,60.25,25.14K,-1.06%
8/29/2019,61.08,60.48,61.19,59.98,131.09K,0.98%
8/28/2019,60.49,60.04,61,59.8,134.26K,1.65%
8/27/2019,59.51,58.8,60.17,58.51,218.37K,1.38%
8/26/2019,58.7,58.35,60.17,58.24,183.30K,-1.08%
8/23/2019,59.34,60.11,60.29,58.3,321.24K,-0.97%
8/22/2019,59.92,60.43,60.89,59.47,276.11K,-0.63%
8/21/2019,60.3,60.11,61.41,60.07,269.68K,0.45%
8/20/2019,60.03,59.68,60.32,58.95,245.25K,0.49%
8/19/2019,59.74,58.72,59.92,58.64,211.45K,1.88%
8/16/2019,58.64,58.41,59.5,58.28,209.43K,0.70%
8/15/2019,58.23,59.07,59.42,57.67,298.67K,-2.10%
8/14/2019,59.48,61.07,61.08,58.21,320.43K,-2.97%
8/13/2019,61.3,58.47,61.5,58,338.08K,4.66%
8/12/2019,58.57,58.3,58.88,57.88,221.35K,0.07%
8/9/2019,58.53,57.74,59.1,57.11,281.80K,2.00%
8/8/2019,57.38,57.48,58.01,56.77,299.69K,2.05%
8/7/2019,56.23,58.68,59.23,55.88,485.19K,-4.60%
8/6/2019,58.94,59.56,60.56,58.55,328.15K,-1.45%
8/5/2019,59.81,61.46,61.56,59.66,378.86K,-3.36%
8/2/2019,61.89,61.16,62.95,60.98,364.14K,2.30%
8/1/2019,60.5,64.09,64.54,60.02,433.72K,-7.17%
7/31/2019,65.17,64.95,65.42,64.95,18.76K,0.70%
7/30/2019,64.72,63.91,65.14,63.9,86.10K,1.59%
7/29/2019,63.71,63.32,63.9,62.92,101.70K,0.39%
7/26/2019,63.46,63.28,63.96,63.01,159.86K,0.11%
7/25/2019,63.39,63.21,64.23,63.01,169.84K,0.33%
7/24/2019,63.18,64.13,64.66,62.59,301.51K,-1.02%
7/23/2019,63.83,63.26,64.46,62.66,272.73K,0.90%
7/22/2019,63.26,63.05,64.03,62.77,267.78K,1.26%
7/19/2019,62.47,62.5,63.37,61.83,298.98K,0.87%
7/18/2019,61.93,63.52,64.46,61.29,374.89K,-2.72%
7/17/2019,63.66,64.44,65.28,63.22,274.93K,-1.07%
7/16/2019,64.35,66.31,67.09,63.82,356.74K,-3.20%
7/15/2019,66.48,66.87,67.47,66.11,283.09K,-0.36%
7/12/2019,66.72,66.83,67.29,66.51,244.70K,0.30%
7/11/2019,66.52,66.81,67.65,66.43,283.02K,-0.73%
7/10/2019,67.01,64.78,67.12,64.63,349.51K,4.44%
7/9/2019,64.16,63.81,64.75,63.76,263.89K,0.08%
7/8/2019,64.11,64.34,65.14,63.79,253.82K,-0.19%
7/5/2019,64.23,63.27,64.52,62.91,203.54K,1.47%
7/4/2019,63.3,63.88,64.07,62.95,114.98K,-0.81%
7/3/2019,63.82,62.9,64.01,62.09,281.75K,2.28%
7/2/2019,62.4,64.8,65.51,62.22,386.94K,-4.09%
7/1/2019,65.06,65.05,66.75,64.22,361.41K,-2.24%
6/28/2019,66.55,66.51,66.84,66.08,34.62K,0.00%
6/27/2019,66.55,66.05,66.82,65.63,103.16K,0.09%
6/26/2019,66.49,65.8,66.85,65.6,141.95K,2.21%
6/25/2019,65.05,64.89,65.98,64.17,205.80K,0.29%
6/24/2019,64.86,65.5,65.79,64.08,217.44K,-0.52%
6/21/2019,65.2,64.86,65.76,64,257.92K,1.16%
6/20/2019,64.45,62.45,64.82,62.4,394.17K,4.25%
6/19/2019,61.82,62.4,62.55,61.4,320.06K,-0.51%
6/18/2019,62.14,60.93,62.84,60.25,327.70K,1.97%
6/17/2019,60.94,62.07,62.37,60.74,236.16K,-1.73%
6/14/2019,62.01,61.25,62.57,60.74,262.31K,1.14%
6/13/2019,61.31,59.94,62.64,59.78,435.42K,2.23%
6/12/2019,59.97,61.79,61.85,59.57,343.21K,-3.72%
6/11/2019,62.29,62.3,62.87,62.01,302.74K,0.00%
6/10/2019,62.29,63.58,64.1,62.05,278.49K,-1.58%
6/7/2019,63.29,62.4,63.59,61.77,307.96K,2.63%
6/6/2019,61.67,60.4,62.43,60.22,343.64K,1.72%
6/5/2019,60.63,61.58,62.27,59.45,428.01K,-2.16%
6/4/2019,61.97,61,62.12,60.21,370.27K,1.13%
6/3/2019,61.28,61.64,62.84,60.55,386.56K,-4.98%
5/31/2019,64.49,66.24,66.28,64.37,21.75K,-3.56%
5/30/2019,66.87,69.68,69.96,66.31,105.27K,-3.71%
5/29/2019,69.45,70.1,70.1,68.08,148.48K,-0.94%
5/28/2019,70.11,69.99,70.59,69.58,238.88K,0.00%
5/27/2019,70.11,69.15,70.23,68.53,72.18K,2.07%
5/24/2019,68.69,67.99,69.3,67.33,292.09K,1.37%
5/23/2019,67.76,70.86,70.97,67.02,434.54K,-4.55%
5/22/2019,70.99,71.91,72.04,70.42,371.52K,-1.65%
5/21/2019,72.18,72.15,72.52,71.63,303.74K,0.29%
5/20/2019,71.97,72.5,73.4,71.6,301.98K,-0.33%
5/17/2019,72.21,72.82,73.23,71.79,255.53K,-0.56%
5/16/2019,72.62,72.05,73.36,71.82,326.44K,1.18%
5/15/2019,71.77,70.9,72.25,70.42,272.44K,0.74%
5/14/2019,71.24,70.02,71.65,69.93,299.77K,1.44%
5/13/2019,70.23,70.83,72.58,69.72,373.47K,-0.55%
5/10/2019,70.62,70.45,71.23,70.18,300.46K,0.33%
5/9/2019,70.39,70.23,70.65,69.4,328.74K,0.03%
5/8/2019,70.37,69.88,70.7,69.33,295.44K,0.70%
5/7/2019,69.88,71.15,71.33,69.38,332.07K,-1.91%
5/6/2019,71.24,70.59,71.79,68.79,227.02K,0.55%
5/3/2019,70.85,70.48,71.54,69.95,249.81K,0.14%
5/2/2019,70.75,72,72.22,69.68,346.63K,-1.98%
5/1/2019,72.18,71.73,72.36,71.3,230.80K,-0.85%
4/30/2019,72.8,71.94,73.27,71.73,25.34K,1.05%
4/29/2019,72.04,71.56,72.5,71.06,147.41K,-0.15%
4/26/2019,72.15,74.2,74.42,71.3,222.89K,-2.96%
4/25/2019,74.35,74.46,75.6,74,309.21K,-0.30%
4/24/2019,74.57,74.27,74.73,74.02,276.67K,0.08%
4/23/2019,74.51,74.38,74.73,73.99,308.99K,0.63%
4/22/2019,74.04,71.93,74.52,71.86,305.17K,2.88%
4/18/2019,71.97,71.63,72.04,71.2,259.04K,0.49%
4/17/2019,71.62,71.83,72.27,71.45,276.61K,-0.14%
4/16/2019,71.72,71.21,71.95,70.74,273.90K,0.76%
4/15/2019,71.18,71.55,71.6,70.78,219.15K,-0.52%
4/12/2019,71.55,70.95,71.87,70.9,237.22K,1.02%
4/11/2019,70.83,71.56,71.68,70.57,278.09K,-1.25%
4/10/2019,71.73,70.82,71.78,70.57,288.89K,1.59%
4/9/2019,70.61,71.19,71.34,70.3,267.49K,-0.69%
4/8/2019,71.1,70.56,71.19,70.43,288.13K,1.08%
4/5/2019,70.34,69.13,70.48,68.92,263.87K,1.35%
4/4/2019,69.4,69.44,70.03,68.87,281.88K,0.13%
4/3/2019,69.31,69.47,69.96,68.8,341.50K,-0.09%
4/2/2019,69.37,69.22,69.58,68.69,299.30K,0.52%
4/1/2019,69.01,67.58,69.22,67.58,320.77K,0.91%
3/29/2019,68.39,68.01,68.89,67.81,20.62K,0.84%
3/28/2019,67.82,67.75,68,66.54,131.64K,-0.01%
3/27/2019,67.83,67.9,68.35,67.19,148.15K,-0.21%
3/26/2019,67.97,67.36,68.23,67.24,197.54K,1.13%
3/25/2019,67.21,67,67.65,66.36,216.76K,0.27%
3/22/2019,67.03,67.76,67.98,66.2,284.52K,-1.22%
3/21/2019,67.86,68.38,68.69,67.59,303.23K,-0.93%
3/20/2019,68.5,67.66,68.57,67.19,235.49K,1.32%
3/19/2019,67.61,67.49,68.2,67.13,234.14K,0.10%
3/18/2019,67.54,67.14,67.69,66.69,208.53K,0.57%
3/15/2019,67.16,67.18,67.71,66.13,254.32K,-0.10%
3/14/2019,67.23,67.65,68.14,67.03,235.99K,-0.47%
3/13/2019,67.55,66.91,67.76,66.7,243.20K,1.32%
3/12/2019,66.67,66.7,67.39,66.34,252.13K,0.14%
3/11/2019,66.58,65.76,66.75,65.63,247.81K,1.28%
3/8/2019,65.74,66.08,66.09,64.02,316.39K,-0.84%
3/7/2019,66.3,65.88,67,65.75,276.24K,0.47%
3/6/2019,65.99,65.49,66.18,65.22,283.20K,0.20%
3/5/2019,65.86,65.46,66.23,65.04,216.39K,0.29%
3/4/2019,65.67,64.97,66.34,64.93,233.54K,0.92%
3/1/2019,65.07,66.48,67.14,64.59,297.19K,-1.45%
2/28/2019,66.03,66.38,66.38,65.67,19.67K,-0.54%
2/27/2019,66.39,65.64,66.7,65.27,102.14K,1.81%
2/26/2019,65.21,64.79,65.74,64.32,127.60K,0.69%
2/25/2019,64.76,66.97,67.47,64.54,220.94K,-3.52%
2/22/2019,67.12,66.96,67.73,66.87,177.62K,0.07%
2/21/2019,67.07,67.05,67.31,66.69,245.86K,-0.01%
2/20/2019,67.08,66.3,67.38,65.63,276.48K,0.95%
2/19/2019,66.45,66.44,66.65,65.58,246.65K,-0.08%
2/18/2019,66.5,66.39,66.83,65.9,175.24K,0.38%
2/15/2019,66.25,64.86,66.39,64.42,294.49K,2.60%
2/14/2019,64.57,63.69,64.81,63.25,287.45K,1.51%
2/13/2019,63.61,62.7,63.98,62.69,269.68K,1.91%
2/12/2019,62.42,61.59,63.34,61.59,278.80K,1.48%
2/11/2019,61.51,62.11,62.34,60.9,280.96K,-0.95%
2/8/2019,62.1,61.66,62.36,61.04,254.95K,0.76%
2/7/2019,61.63,62.5,62.91,60.6,286.17K,-1.69%
2/6/2019,62.69,62.06,62.8,61.05,225.57K,1.15%
2/5/2019,61.98,62.64,63.02,61.72,215.36K,-0.85%
2/4/2019,62.51,62.83,63.63,61.28,297.43K,-0.38%
2/1/2019,62.75,61.06,62.97,60.46,267.22K,1.39%
1/31/2019,61.89,61.97,62.32,61.57,20.63K,0.39%
1/30/2019,61.65,61.26,62.67,61.04,90.93K,0.54%
1/29/2019,61.32,59.87,61.79,59.75,142.13K,2.32%
1/28/2019,59.93,61.49,61.69,59.49,214.19K,-2.77%
1/25/2019,61.64,61.13,61.92,60.7,218.03K,0.90%
1/24/2019,61.09,61.02,61.51,60.41,274.48K,-0.08%
1/23/2019,61.14,61.37,62.33,60.21,308.46K,-0.59%
1/22/2019,61.5,62.59,62.71,60.57,283.22K,-1.98%
1/21/2019,62.74,62.74,63.15,62.25,138.08K,0.06%
1/18/2019,62.7,61.33,63,61.32,288.91K,2.48%
1/17/2019,61.18,61.05,61.54,60.04,278.42K,-0.23%
1/16/2019,61.32,60.42,61.45,60.03,315.59K,1.12%
1/15/2019,60.64,59.36,60.86,59.11,234.36K,2.80%
1/14/2019,58.99,60.62,61.04,58.9,263.28K,-2.46%
1/11/2019,60.48,61.19,62.49,60.08,292.79K,-1.95%
1/10/2019,61.68,61.15,61.91,60.44,300.92K,0.39%
1/9/2019,61.44,59.15,61.69,59.05,329.05K,4.63%
1/8/2019,58.72,57.64,58.87,57.13,288.25K,2.42%
1/7/2019,57.33,57.41,58.93,57.26,296.58K,0.47%
1/4/2019,57.06,55.67,58.31,55.34,321.11K,1.98%
1/3/2019,55.95,54.29,56.3,53.93,278.36K,1.89%
1/2/2019,54.91,54.12,56.56,52.51,300.95K,2.06%
